{"stats":{"minecraft:dropped":{"minecraft:iron_ingot":2,"minecraft:diamond":1,"minecraft:pufferfish":2,"minecraft:filled_map":1,"minecraft:spruce_sapling":1},"minecraft:custom":{"minecraft:interact_with_furnace":9,"minecraft:mob_kills":2,"minecraft:interact_with_crafting_table":7,"minecraft:leave_game":1,"minecraft:time_since_death":30451,"minecraft:climb_one_cm":132,"minecraft:time_since_rest":30451,"minecraft:sprint_one_cm":30461,"minecraft:damage_taken":160,"minecraft:walk_one_cm":71004,"minecraft:damage_blocked_by_shield":390,"minecraft:drop":5,"minecraft:damage_dealt":675,"minecraft:swim_one_cm":14505,"minecraft:fly_one_cm":11078,"minecraft:open_chest":8,"minecraft:play_time":30451,"tombstone:undead_killed":2,"minecraft:sneak_time":83,"minecraft:walk_under_water_one_cm":21753,"minecraft:jump":330,"minecraft:walk_on_water_one_cm":12409,"minecraft:total_world_time":30451,"minecraft:fish_caught":5,"minecraft:fall_one_cm":4405},"minecraft:mined":{"minecraft:crafting_table":3,"minecraft:granite":18,"minecraft:grass_block":5,"minecraft:chest":1,"minecraft:copper_ore":6,"minecraft:tall_grass":1,"minecraft:cobblestone":2,"minecraft:spruce_leaves":2,"minecraft:diorite":63,"minecraft:sandstone":24,"minecraft:furnace":1,"minecraft:iron_ore":8,"minecraft:spruce_log":7,"minecraft:coal_ore":8,"minecraft:gravel":5,"minecraft:sand":48,"minecraft:dirt":6,"minecraft:cracked_stone_bricks":1,"minecraft:stone":179,"minecraft:fern":2},"minecraft:crafted":{"minecraft:wooden_sword":1,"minecraft:cooked_cod":4,"minecraft:crafting_table":1,"minecraft:spruce_planks":28,"minecraft:wooden_pickaxe":1,"minecraft:iron_sword":1,"minecraft:furnace":1,"minecraft:stone_axe":1,"minecraft:air":0,"minecraft:charcoal":3,"minecraft:shield":1,"minecraft:stick":12,"minecraft:iron_ingot":8,"minecraft:iron_pickaxe":1,"minecraft:stone_pickaxe":1},"minecraft:picked_up":{"minecraft:wooden_axe":1,"minecraft:fishing_rod":1,"minecraft:wheat":12,"minecraft:crafting_table":4,"minecraft:tripwire_hook":1,"minecraft:salmon":2,"minecraft:wooden_pickaxe":1,"alexscaves:cave_tablet":1,"minecraft:potion":2,"minecraft:flint":2,"minecraft:string":1,"minecraft:dirt":6,"minecraft:pufferfish":4,"minecraft:cracked_stone_bricks":1,"minecraft:spruce_planks":28,"minecraft:heart_of_the_sea":1,"minecraft:iron_ingot":6,"minecraft:stone_pickaxe":1,"minecraft:chest":1,"minecraft:furnace":1,"minecraft:stick":7,"minecraft:raw_iron":8,"minecraft:sandstone":31,"minecraft:gravel":3,"minecraft:sand":55,"minecraft:spruce_sapling":2,"minecraft:diorite":62,"minecraft:spruce_log":7,"minecraft:prismarine_crystals":2,"minecraft:tnt":1,"minecraft:stone_shovel":1,"minecraft:stone_sword":1,"tombstone:lost_tablet":1,"minecraft:rotten_flesh":2,"minecraft:cooked_cod":3,"minecraft:diamond":1,"minecraft:granite":18,"minecraft:emerald":1,"minecraft:gold_ingot":1,"minecraft:coal":13,"minecraft:cod":1,"minecraft:cobblestone":173},"minecraft:killed":{"minecraft:zombie":2},"minecraft:used":{"minecraft:diorite":10,"minecraft:stone_pickaxe":119,"minecraft:chest":1,"minecraft:shield":1,"minecraft:wooden_pickaxe":24,"minecraft:iron_sword":53,"minecraft:cracked_stone_bricks":1,"minecraft:dirt":6,"minecraft:crafting_table":3,"minecraft:granite":12,"minecraft:iron_pickaxe":189,"minecraft:gravel":3,"minecraft:stone_axe":2,"minecraft:fishing_rod":16,"minecraft:wooden_sword":9,"minecraft:cobblestone":25,"minecraft:furnace":1,"minecraft:cooked_cod":3}},"DataVersion":3465}