{"stats":{"minecraft:custom":{"minecraft:time_since_rest":6451,"minecraft:play_time":6451,"minecraft:sprint_one_cm":89,"minecraft:damage_taken":10,"minecraft:walk_one_cm":3596,"minecraft:jump":5,"minecraft:time_since_death":6451,"minecraft:leave_game":1,"minecraft:total_world_time":6451,"minecraft:interact_with_crafting_table":2,"minecraft:fall_one_cm":335},"minecraft:mined":{"minecraft:granite":4,"minecraft:grass_block":1,"minecraft:gravel":5,"minecraft:dirt":5,"minecraft:stone":59,"minecraft:spruce_leaves":2,"minecraft:spruce_log":7,"minecraft:diorite":6,"minecraft:crafting_table":1,"minecraft:fern":1},"minecraft:crafted":{"minecraft:wooden_sword":1,"minecraft:crafting_table":1,"minecraft:spruce_planks":28,"minecraft:stick":4,"minecraft:stone_pickaxe":1,"minecraft:wooden_pickaxe":1},"minecraft:picked_up":{"minecraft:stick":2,"minecraft:crafting_table":1,"minecraft:gravel":3,"minecraft:granite":3,"minecraft:flint":2,"minecraft:spruce_sapling":1,"minecraft:diorite":6,"minecraft:spruce_log":7,"minecraft:dirt":6,"minecraft:cobblestone":59},"minecraft:used":{"minecraft:wooden_sword":7,"minecraft:crafting_table":2,"minecraft:stone_pickaxe":55,"minecraft:wooden_pickaxe":24}},"DataVersion":3465}