{"stats":{"minecraft:dropped":{"minecraft:iron_ingot":2,"minecraft:oak_slab":36,"minecraft:raw_copper":8,"minecraft:diamond":1,"minecraft:crossbow":5,"minecraft:pufferfish":2,"minecraft:filled_map":1,"minecraft:diorite":10,"minecraft:cartography_table":2,"minecraft:spruce_sapling":1},"minecraft:custom":{"minecraft:interact_with_furnace":9,"minecraft:mob_kills":5,"tombstone:raider_killed":2,"minecraft:interact_with_crafting_table":7,"minecraft:leave_game":1,"minecraft:time_since_death":5197,"minecraft:climb_one_cm":693,"minecraft:time_since_rest":4546,"minecraft:sprint_one_cm":90808,"minecraft:damage_taken":1095,"minecraft:walk_one_cm":121703,"minecraft:damage_blocked_by_shield":1530,"minecraft:drop":59,"minecraft:damage_dealt":1033,"minecraft:swim_one_cm":64249,"minecraft:fly_one_cm":37230,"minecraft:open_chest":11,"minecraft:deaths":2,"minecraft:play_time":48451,"tombstone:undead_killed":2,"minecraft:sneak_time":130,"minecraft:walk_under_water_one_cm":61251,"minecraft:boat_one_cm":188470,"minecraft:jump":614,"minecraft:walk_on_water_one_cm":34019,"minecraft:total_world_time":48451,"minecraft:fish_caught":5,"minecraft:fall_one_cm":11340},"minecraft:mined":{"minecraft:crafting_table":3,"minecraft:granite":18,"minecraft:grass_block":5,"minecraft:jungle_planks":1,"minecraft:chest":1,"minecraft:copper_ore":6,"minecraft:tall_grass":1,"minecraft:cobblestone":2,"minecraft:spruce_leaves":11,"minecraft:diorite":63,"minecraft:sandstone":24,"minecraft:spawner":1,"minecraft:large_fern":1,"minecraft:tall_seagrass":1,"minecraft:furnace":1,"minecraft:sweet_berry_bush":8,"minecraft:iron_ore":8,"minecraft:spruce_log":7,"minecraft:grass":4,"minecraft:coal_ore":8,"minecraft:birch_button":1,"minecraft:gravel":5,"minecraft:sand":48,"minecraft:dirt":7,"minecraft:cracked_stone_bricks":1,"minecraft:stone":179,"minecraft:jungle_fence_gate":1,"minecraft:fern":5},"minecraft:crafted":{"minecraft:wooden_sword":1,"minecraft:cooked_cod":4,"minecraft:crafting_table":1,"minecraft:spruce_planks":28,"minecraft:wooden_pickaxe":1,"minecraft:iron_sword":1,"minecraft:furnace":1,"minecraft:stone_axe":1,"minecraft:air":0,"minecraft:charcoal":3,"minecraft:shield":1,"minecraft:stick":12,"minecraft:iron_ingot":8,"minecraft:iron_pickaxe":1,"minecraft:stone_pickaxe":1},"minecraft:killed_by":{"minecraft:drowned":1,"iceandfire:sea_serpent":1},"minecraft:picked_up":{"minecraft:wooden_axe":1,"minecraft:fishing_rod":1,"minecraft:air":0,"minecraft:wheat":12,"minecraft:crafting_table":4,"minecraft:tripwire_hook":1,"minecraft:salmon":2,"minecraft:wooden_pickaxe":1,"alexscaves:cave_tablet":1,"minecraft:potion":2,"minecraft:flint":2,"minecraft:string":1,"minecraft:dirt":6,"minecraft:raw_copper":8,"minecraft:pufferfish":4,"minecraft:cracked_stone_bricks":1,"minecraft:cartography_table":2,"minecraft:spruce_planks":28,"minecraft:heart_of_the_sea":1,"minecraft:iron_ingot":6,"minecraft:stone_pickaxe":1,"minecraft:chest":1,"minecraft:furnace":1,"minecraft:oak_slab":36,"minecraft:stick":7,"minecraft:raw_iron":8,"minecraft:sandstone":31,"minecraft:sweet_berries":15,"minecraft:gravel":3,"minecraft:sand":55,"minecraft:spruce_sapling":2,"minecraft:diorite":67,"minecraft:spruce_log":7,"minecraft:prismarine_crystals":2,"minecraft:tnt":1,"minecraft:stone_shovel":1,"minecraft:stone_sword":1,"tombstone:lost_tablet":1,"minecraft:rotten_flesh":3,"minecraft:cooked_cod":3,"minecraft:diamond":1,"minecraft:crossbow":6,"minecraft:granite":18,"minecraft:emerald":1,"minecraft:gold_ingot":1,"minecraft:coal":13,"minecraft:cod":1,"minecraft:cobblestone":174},"minecraft:killed":{"minecraft:pillager":2,"minecraft:zombie":2},"minecraft:used":{"minecraft:diorite":57,"minecraft:stone_pickaxe":119,"minecraft:chest":1,"minecraft:shield":23,"minecraft:wooden_pickaxe":24,"minecraft:iron_sword":73,"minecraft:cracked_stone_bricks":1,"minecraft:dirt":6,"minecraft:crafting_table":3,"minecraft:crossbow":1,"minecraft:granite":12,"minecraft:iron_pickaxe":194,"minecraft:gravel":3,"minecraft:stone_axe":2,"minecraft:fishing_rod":16,"minecraft:wooden_sword":9,"minecraft:cobblestone":25,"minecraft:sweet_berries":13,"minecraft:furnace":1,"minecraft:cooked_cod":7}},"DataVersion":3465}