{"stats":{"minecraft:dropped":{"minecraft:filled_map":1,"minecraft:iron_ingot":2,"minecraft:diamond":1,"minecraft:spruce_sapling":1,"minecraft:pufferfish":2},"minecraft:custom":{"minecraft:time_since_rest":24451,"minecraft:interact_with_furnace":7,"minecraft:sprint_one_cm":8257,"minecraft:damage_taken":120,"minecraft:walk_one_cm":30940,"minecraft:mob_kills":1,"minecraft:drop":5,"minecraft:damage_dealt":330,"minecraft:swim_one_cm":13795,"minecraft:fly_one_cm":4463,"minecraft:interact_with_crafting_table":6,"minecraft:open_chest":4,"minecraft:play_time":24451,"tombstone:undead_killed":1,"minecraft:sneak_time":81,"minecraft:walk_under_water_one_cm":21263,"minecraft:jump":178,"minecraft:leave_game":1,"minecraft:walk_on_water_one_cm":10180,"minecraft:time_since_death":24451,"minecraft:total_world_time":24451,"minecraft:fish_caught":4,"minecraft:fall_one_cm":2038},"minecraft:mined":{"minecraft:furnace":1,"minecraft:iron_ore":8,"minecraft:spruce_log":7,"minecraft:crafting_table":3,"minecraft:granite":14,"minecraft:grass_block":1,"minecraft:chest":1,"minecraft:sand":48,"minecraft:gravel":5,"minecraft:dirt":5,"minecraft:cobblestone":2,"minecraft:cracked_stone_bricks":1,"minecraft:spruce_leaves":2,"minecraft:stone":157,"minecraft:sandstone":24,"minecraft:diorite":55,"minecraft:fern":1},"minecraft:crafted":{"minecraft:cooked_cod":1,"minecraft:wooden_sword":1,"minecraft:charcoal":3,"minecraft:shield":1,"minecraft:crafting_table":1,"minecraft:spruce_planks":28,"minecraft:stick":12,"minecraft:iron_pickaxe":1,"minecraft:iron_ingot":8,"minecraft:wooden_pickaxe":1,"minecraft:stone_pickaxe":1,"minecraft:iron_sword":1,"minecraft:furnace":1,"minecraft:stone_axe":1},"minecraft:picked_up":{"minecraft:sandstone":22,"minecraft:crafting_table":3,"minecraft:stick":2,"minecraft:raw_iron":8,"minecraft:gravel":3,"minecraft:sand":46,"minecraft:flint":2,"minecraft:spruce_sapling":1,"minecraft:diorite":53,"minecraft:spruce_log":7,"minecraft:dirt":6,"minecraft:pufferfish":2,"minecraft:diamond":1,"minecraft:cracked_stone_bricks":1,"minecraft:spruce_planks":11,"minecraft:granite":14,"minecraft:chest":1,"minecraft:cod":1,"minecraft:cobblestone":152,"minecraft:furnace":1},"minecraft:killed":{"minecraft:zombie":1},"minecraft:used":{"minecraft:diorite":10,"minecraft:stone_pickaxe":119,"minecraft:iron_pickaxe":139,"minecraft:wooden_pickaxe":24,"minecraft:iron_sword":44,"minecraft:gravel":3,"minecraft:cracked_stone_bricks":1,"minecraft:stone_axe":2,"minecraft:fishing_rod":13,"minecraft:wooden_sword":9,"minecraft:dirt":6,"minecraft:cobblestone":25,"minecraft:crafting_table":3,"minecraft:cooked_cod":1,"minecraft:furnace":1,"minecraft:granite":12}},"DataVersion":3465}