{"stats":{"minecraft:dropped":{"minecraft:polished_blackstone_wall":1,"minecraft:iron_ingot":2,"minecraft:oak_slab":36,"minecraft:raw_copper":8,"minecraft:diamond":1,"minecraft:crossbow":5,"minecraft:pufferfish":2,"minecraft:filled_map":1,"minecraft:diorite":10,"minecraft:wooden_pickaxe":1,"minecraft:cartography_table":2,"minecraft:spruce_sapling":1},"minecraft:custom":{"minecraft:interact_with_furnace":9,"minecraft:mob_kills":5,"tombstone:raider_killed":2,"minecraft:interact_with_crafting_table":7,"minecraft:leave_game":1,"minecraft:time_since_death":1033,"minecraft:sleep_in_bed":1,"minecraft:climb_one_cm":693,"minecraft:time_since_rest":854,"minecraft:sprint_one_cm":93275,"minecraft:damage_taken":2340,"minecraft:walk_one_cm":133332,"minecraft:damage_blocked_by_shield":1650,"minecraft:drop":61,"minecraft:damage_dealt":1033,"minecraft:swim_one_cm":66460,"minecraft:fly_one_cm":38210,"minecraft:crouch_one_cm":251,"minecraft:open_chest":11,"minecraft:deaths":6,"minecraft:play_time":54451,"tombstone:undead_killed":2,"minecraft:sneak_time":378,"minecraft:walk_under_water_one_cm":85458,"minecraft:boat_one_cm":204820,"minecraft:jump":675,"minecraft:walk_on_water_one_cm":61686,"minecraft:total_world_time":54451,"minecraft:fish_caught":5,"minecraft:fall_one_cm":12283},"minecraft:mined":{"minecraft:polished_blackstone_wall":1,"minecraft:blackstone":1,"minecraft:crafting_table":3,"minecraft:granite":18,"minecraft:grass_block":5,"minecraft:jungle_planks":1,"minecraft:chest":1,"minecraft:copper_ore":6,"minecraft:tall_grass":1,"minecraft:cobblestone":2,"minecraft:spruce_leaves":11,"minecraft:diorite":63,"minecraft:sandstone":24,"minecraft:spawner":2,"minecraft:large_fern":1,"minecraft:tall_seagrass":1,"minecraft:furnace":1,"minecraft:sweet_berry_bush":8,"minecraft:iron_ore":8,"minecraft:spruce_log":7,"minecraft:grass":4,"minecraft:coal_ore":8,"minecraft:birch_button":1,"minecraft:gravel":5,"minecraft:sand":48,"minecraft:dirt":7,"minecraft:cracked_stone_bricks":1,"minecraft:stone":179,"minecraft:jungle_fence_gate":1,"minecraft:fern":5},"minecraft:crafted":{"minecraft:wooden_sword":1,"minecraft:cooked_cod":4,"minecraft:crafting_table":1,"minecraft:spruce_planks":28,"minecraft:wooden_pickaxe":1,"minecraft:iron_sword":1,"minecraft:furnace":1,"minecraft:stone_axe":1,"minecraft:air":0,"minecraft:charcoal":3,"minecraft:shield":1,"minecraft:stick":12,"minecraft:iron_ingot":8,"minecraft:iron_pickaxe":1,"minecraft:stone_pickaxe":1},"minecraft:killed_by":{"minecraft:drowned":5,"iceandfire:sea_serpent":1},"minecraft:picked_up":{"minecraft:wooden_axe":1,"minecraft:fishing_rod":1,"minecraft:air":0,"minecraft:wheat":12,"minecraft:crafting_table":4,"minecraft:tripwire_hook":1,"minecraft:salmon":2,"minecraft:wooden_pickaxe":1,"alexscaves:cave_tablet":1,"minecraft:oak_stairs":2,"minecraft:potion":2,"minecraft:flint":2,"minecraft:string":1,"minecraft:dirt":6,"tombstone:gift":1,"minecraft:raw_copper":8,"minecraft:polished_blackstone_wall":1,"minecraft:pufferfish":4,"minecraft:blackstone":2,"minecraft:cracked_stone_bricks":1,"minecraft:cartography_table":2,"minecraft:spruce_planks":28,"minecraft:heart_of_the_sea":1,"minecraft:iron_ingot":6,"minecraft:stone_pickaxe":1,"minecraft:iron_nugget":1,"minecraft:chest":1,"minecraft:iron_sword":2,"minecraft:furnace":1,"minecraft:oak_slab":36,"minecraft:stick":15,"minecraft:raw_iron":8,"minecraft:sandstone":31,"minecraft:sweet_berries":15,"minecraft:copper_ingot":1,"minecraft:gravel":3,"minecraft:sand":55,"minecraft:spruce_sapling":2,"minecraft:diorite":67,"minecraft:spruce_log":7,"minecraft:prismarine_crystals":2,"minecraft:tnt":1,"minecraft:stone_shovel":1,"minecraft:stone_sword":1,"tombstone:lost_tablet":1,"minecraft:rotten_flesh":4,"minecraft:cooked_cod":5,"minecraft:diamond":1,"minecraft:hay_block":1,"minecraft:crossbow":6,"minecraft:granite":18,"minecraft:emerald":1,"minecraft:gold_ingot":1,"minecraft:coal":13,"minecraft:cod":1,"minecraft:cobblestone":174},"minecraft:killed":{"minecraft:pillager":2,"minecraft:zombie":2},"minecraft:used":{"minecraft:diorite":57,"minecraft:stone_pickaxe":119,"minecraft:chest":1,"minecraft:shield":25,"minecraft:wooden_pickaxe":24,"minecraft:iron_sword":73,"minecraft:cracked_stone_bricks":1,"minecraft:dirt":6,"minecraft:crafting_table":3,"minecraft:crossbow":1,"minecraft:granite":12,"minecraft:iron_pickaxe":197,"minecraft:gravel":3,"minecraft:pufferfish":2,"minecraft:stone_axe":2,"minecraft:fishing_rod":16,"minecraft:wooden_sword":9,"minecraft:cobblestone":25,"minecraft:sweet_berries":17,"minecraft:furnace":1,"minecraft:cooked_cod":8,"tombstone:gift":2}},"DataVersion":3465}