{"stats":{"minecraft:dropped":{"minecraft:iron_ingot":2},"minecraft:custom":{"minecraft:time_since_rest":12451,"minecraft:interact_with_furnace":2,"minecraft:sprint_one_cm":4112,"minecraft:damage_taken":10,"minecraft:walk_one_cm":9289,"minecraft:drop":1,"minecraft:swim_one_cm":1953,"minecraft:fly_one_cm":1437,"minecraft:interact_with_crafting_table":6,"minecraft:open_chest":1,"minecraft:play_time":12451,"minecraft:sneak_time":18,"minecraft:walk_under_water_one_cm":3624,"minecraft:jump":77,"minecraft:leave_game":1,"minecraft:walk_on_water_one_cm":545,"minecraft:time_since_death":12451,"minecraft:total_world_time":12451,"minecraft:fall_one_cm":602},"minecraft:mined":{"minecraft:furnace":1,"minecraft:iron_ore":8,"minecraft:spruce_log":7,"minecraft:crafting_table":2,"minecraft:granite":12,"minecraft:grass_block":1,"minecraft:gravel":5,"minecraft:dirt":5,"minecraft:cracked_stone_bricks":1,"minecraft:spruce_leaves":2,"minecraft:stone":103,"minecraft:diorite":10,"minecraft:fern":1},"minecraft:crafted":{"minecraft:wooden_sword":1,"minecraft:shield":1,"minecraft:crafting_table":1,"minecraft:spruce_planks":28,"minecraft:stick":12,"minecraft:iron_pickaxe":1,"minecraft:iron_ingot":8,"minecraft:wooden_pickaxe":1,"minecraft:stone_pickaxe":1,"minecraft:iron_sword":1,"minecraft:furnace":1,"minecraft:stone_axe":1},"minecraft:picked_up":{"minecraft:crafting_table":2,"minecraft:stick":2,"minecraft:raw_iron":8,"minecraft:gravel":3,"minecraft:flint":2,"minecraft:spruce_sapling":1,"minecraft:diorite":10,"minecraft:spruce_log":7,"minecraft:dirt":6,"minecraft:cracked_stone_bricks":1,"minecraft:spruce_planks":11,"minecraft:granite":12,"minecraft:cobblestone":103,"minecraft:furnace":1},"minecraft:used":{"minecraft:diorite":10,"minecraft:stone_pickaxe":119,"minecraft:iron_pickaxe":3,"minecraft:wooden_pickaxe":24,"minecraft:gravel":3,"minecraft:wooden_sword":7,"minecraft:dirt":6,"minecraft:cobblestone":5,"minecraft:crafting_table":3,"minecraft:furnace":1,"minecraft:granite":11}},"DataVersion":3465}