{"stats":{"minecraft:dropped":{"minecraft:diamond":1,"minecraft:torch":1},"minecraft:broken":{"minecraft:wooden_axe":1},"minecraft:custom":{"minecraft:interact_with_furnace":121,"minecraft:mob_kills":13,"minecraft:interact_with_crafting_table":32,"minecraft:time_since_death":22336,"minecraft:time_since_rest":22336,"minecraft:sprint_one_cm":35536,"minecraft:damage_taken":107,"minecraft:walk_one_cm":74891,"minecraft:drop":2,"minecraft:damage_dealt":694,"minecraft:swim_one_cm":19044,"minecraft:fly_one_cm":26720,"minecraft:player_kills":2,"minecraft:open_chest":5,"minecraft:crouch_one_cm":231,"minecraft:play_time":22336,"minecraft:sneak_time":95,"minecraft:walk_under_water_one_cm":17389,"minecraft:jump":286,"minecraft:walk_on_water_one_cm":8004,"minecraft:total_world_time":22336,"minecraft:fall_one_cm":6659},"minecraft:mined":{"minecraft:sea_lantern":1,"minecraft:crafting_table":3,"minecraft:copper_ore":10,"minecraft:spruce_leaves":15,"minecraft:diorite":16,"minecraft:sandstone":19,"minecraft:large_fern":1,"minecraft:furnace":2,"minecraft:iron_ore":3,"minecraft:spruce_log":23,"minecraft:stripped_spruce_log":1,"minecraft:sand":101,"minecraft:stone":68,"minecraft:suspicious_gravel":1},"minecraft:crafted":{"minecraft:cooked_cod":5,"minecraft:crafting_table":2,"minecraft:spruce_planks":48,"minecraft:wooden_pickaxe":1,"minecraft:cooked_chicken":1,"minecraft:furnace":7,"minecraft:cooked_salmon":3,"iceandfire:armor_copper_metal_leggings":1,"minecraft:copper_ingot":26,"iceandfire:armor_copper_metal_boots":1,"minecraft:air":0,"iceandfire:armor_copper_metal_helmet":1,"minecraft:charcoal":2,"minecraft:stick":16,"minecraft:stone_pickaxe":1,"minecraft:iron_pickaxe":1,"minecraft:iron_ingot":3,"iceandfire:armor_copper_metal_chestplate":1,"minecraft:wooden_axe":1,"minecraft:iron_shovel":1,"minecraft:torch":4},"minecraft:picked_up":{"minecraft:crafting_table":3,"minecraft:chicken":1,"minecraft:salmon":3,"minecraft:filled_map":1,"minecraft:raw_copper":32,"minecraft:iron_ingot":2,"minecraft:egg":1,"minecraft:furnace":1,"minecraft:stick":4,"minecraft:raw_iron":3,"minecraft:sandstone":25,"minecraft:torch":2,"minecraft:sand":93,"minecraft:stripped_spruce_log":1,"minecraft:spruce_sapling":5,"minecraft:diorite":16,"minecraft:spruce_log":23,"minecraft:prismarine_crystals":3,"minecraft:diamond":3,"minecraft:cod":8,"minecraft:cobblestone":76},"minecraft:killed":{"minecraft:salmon":4,"minecraft:cod":8,"minecraft:chicken":1},"minecraft:used":{"minecraft:diorite":2,"minecraft:iron_shovel":100,"minecraft:stone_pickaxe":10,"minecraft:spruce_planks":1,"minecraft:wooden_pickaxe":14,"minecraft:sandstone":11,"minecraft:cooked_chicken":1,"minecraft:torch":5,"minecraft:sand":10,"minecraft:crafting_table":5,"minecraft:wooden_axe":39,"minecraft:iron_pickaxe":96,"minecraft:furnace":8,"minecraft:cooked_cod":2}},"DataVersion":3465}