{"stats":{"minecraft:custom":{"minecraft:time_since_rest":4336,"minecraft:play_time":4336,"minecraft:sprint_one_cm":7855,"minecraft:damage_taken":20,"minecraft:walk_one_cm":8491,"minecraft:sneak_time":2,"minecraft:jump":59,"minecraft:time_since_death":4336,"minecraft:total_world_time":4336,"minecraft:interact_with_crafting_table":8,"minecraft:fall_one_cm":1715,"minecraft:fly_one_cm":10037},"minecraft:mined":{"minecraft:iron_ore":3,"minecraft:stone":12,"minecraft:spruce_log":5,"minecraft:sandstone":9,"minecraft:crafting_table":3},"minecraft:crafted":{"minecraft:crafting_table":1,"minecraft:spruce_planks":20,"minecraft:stick":8,"minecraft:wooden_pickaxe":1,"minecraft:stone_pickaxe":1,"minecraft:wooden_axe":1},"minecraft:picked_up":{"minecraft:stick":2,"minecraft:raw_iron":3,"minecraft:sandstone":9,"minecraft:crafting_table":3,"minecraft:iron_ingot":2,"minecraft:spruce_sapling":3,"minecraft:spruce_log":5,"minecraft:cobblestone":12},"minecraft:used":{"minecraft:wooden_axe":5,"minecraft:crafting_table":3,"minecraft:stone_pickaxe":10,"minecraft:spruce_planks":1,"minecraft:wooden_pickaxe":14,"minecraft:sandstone":9}},"DataVersion":3465}