{"stats":{"minecraft:dropped":{"minecraft:diamond":1,"minecraft:cobblestone":1,"minecraft:filled_map":1,"minecraft:torch":1},"minecraft:broken":{"minecraft:wooden_axe":1},"minecraft:custom":{"minecraft:interact_with_furnace":129,"minecraft:mob_kills":18,"tombstone:raider_killed":2,"minecraft:interact_with_crafting_table":50,"minecraft:time_since_death":5349,"minecraft:climb_one_cm":744,"minecraft:time_since_rest":4471,"minecraft:sprint_one_cm":60400,"minecraft:damage_taken":1095,"minecraft:walk_one_cm":119024,"minecraft:damage_blocked_by_shield":630,"minecraft:drop":4,"minecraft:damage_dealt":1588,"minecraft:swim_one_cm":43710,"minecraft:fly_one_cm":54256,"minecraft:player_kills":2,"minecraft:open_chest":9,"minecraft:crouch_one_cm":1926,"minecraft:play_time":40336,"tombstone:undead_killed":3,"minecraft:deaths":3,"minecraft:sneak_time":337,"minecraft:walk_under_water_one_cm":47013,"minecraft:boat_one_cm":153396,"minecraft:jump":579,"minecraft:walk_on_water_one_cm":28333,"minecraft:total_world_time":40336,"minecraft:fall_one_cm":10066},"minecraft:mined":{"iceandfire:silver_ore":2,"minecraft:sea_lantern":1,"minecraft:crafting_table":3,"minecraft:stripped_jungle_wood":1,"minecraft:brown_mushroom_block":1,"minecraft:copper_ore":10,"minecraft:spruce_leaves":15,"minecraft:diorite":16,"minecraft:sandstone":19,"minecraft:large_fern":1,"minecraft:furnace":6,"minecraft:iron_ore":10,"minecraft:spruce_log":24,"minecraft:andesite":4,"minecraft:stripped_spruce_log":1,"minecraft:coal_ore":12,"minecraft:sand":101,"minecraft:stone":75,"minecraft:jungle_wall_sign":1,"minecraft:suspicious_gravel":1},"minecraft:crafted":{"minecraft:jungle_button":1,"minecraft:cooked_cod":5,"minecraft:crafting_table":3,"minecraft:spruce_planks":76,"minecraft:spruce_button":1,"minecraft:wooden_pickaxe":1,"minecraft:cooked_chicken":1,"minecraft:furnace":7,"minecraft:cooked_salmon":3,"iceandfire:armor_copper_metal_leggings":1,"minecraft:copper_ingot":32,"iceandfire:copper_sword":1,"iceandfire:armor_copper_metal_boots":1,"minecraft:air":0,"iceandfire:armor_copper_metal_helmet":1,"iceandfire:copper_axe":1,"minecraft:charcoal":2,"minecraft:shield":1,"minecraft:stick":24,"minecraft:stone_pickaxe":1,"minecraft:iron_pickaxe":1,"minecraft:iron_ingot":3,"iceandfire:armor_copper_metal_chestplate":1,"minecraft:wooden_axe":1,"minecraft:iron_shovel":1,"minecraft:sandstone":13,"minecraft:spruce_boat":2,"minecraft:torch":4},"minecraft:killed_by":{"minecraft:drowned":2,"iceandfire:sea_serpent":1},"minecraft:picked_up":{"minecraft:crafting_table":3,"minecraft:chicken":1,"minecraft:ladder":2,"wandering_bags:pillager_bag":1,"minecraft:andesite":4,"minecraft:salmon":3,"minecraft:black_bed":1,"minecraft:brown_mushroom":2,"minecraft:filled_map":1,"minecraft:oak_trapdoor":3,"minecraft:raw_copper":32,"minecraft:item_frame":1,"minecraft:polished_blackstone_wall":4,"minecraft:experience_bottle":2,"minecraft:kelp":30,"minecraft:cartography_table":1,"minecraft:bell":1,"minecraft:oak_fence_gate":2,"minecraft:iron_ingot":2,"minecraft:oak_planks":2,"minecraft:spruce_trapdoor":2,"minecraft:egg":1,"minecraft:furnace":5,"minecraft:scaffolding":1,"minecraft:oak_slab":12,"minecraft:stick":4,"minecraft:raw_iron":10,"minecraft:sandstone":25,"minecraft:jungle_door":1,"iceandfire:copper_axe":1,"minecraft:torch":2,"minecraft:polished_blackstone_slab":1,"minecraft:jungle_planks":1,"minecraft:sand":93,"minecraft:stripped_spruce_log":1,"minecraft:spruce_sapling":5,"minecraft:diorite":16,"minecraft:spruce_log":24,"minecraft:jungle_sign":4,"minecraft:prismarine_crystals":3,"minecraft:rotten_flesh":4,"minecraft:diamond":3,"minecraft:spruce_boat":1,"minecraft:stripped_jungle_wood":1,"minecraft:crossbow":1,"minecraft:black_banner":1,"minecraft:spruce_button":1,"minecraft:emerald":1,"minecraft:coal":12,"minecraft:cod":8,"iceandfire:raw_silver":2,"minecraft:cobblestone":81},"minecraft:killed":{"minecraft:salmon":4,"minecraft:cod":8,"minecraft:pillager":2,"minecraft:zombie":1,"minecraft:chicken":1,"minecraft:drowned":2},"minecraft:used":{"minecraft:diorite":16,"minecraft:iron_shovel":100,"minecraft:stone_pickaxe":10,"minecraft:shield":9,"minecraft:spruce_planks":1,"minecraft:wooden_pickaxe":14,"minecraft:sandstone":30,"minecraft:cooked_salmon":1,"minecraft:cooked_chicken":1,"minecraft:torch":5,"minecraft:sand":37,"minecraft:tnt":1,"iceandfire:copper_sword":33,"minecraft:crafting_table":6,"minecraft:spruce_boat":3,"minecraft:wooden_axe":39,"minecraft:spruce_button":1,"iceandfire:copper_axe":3,"minecraft:iron_pickaxe":132,"minecraft:spruce_trapdoor":2,"minecraft:cobblestone":21,"minecraft:jungle_button":1,"minecraft:furnace":8,"minecraft:cooked_cod":3,"minecraft:andesite":4}},"DataVersion":3465}