{"stats":{"minecraft:dropped":{"minecraft:diamond":1,"minecraft:torch":1},"minecraft:custom":{"minecraft:time_since_rest":16336,"minecraft:interact_with_furnace":36,"minecraft:sprint_one_cm":29552,"minecraft:damage_taken":57,"minecraft:walk_one_cm":49845,"minecraft:mob_kills":13,"minecraft:drop":2,"minecraft:player_kills":2,"minecraft:damage_dealt":680,"minecraft:swim_one_cm":19044,"minecraft:interact_with_crafting_table":21,"minecraft:fly_one_cm":21764,"minecraft:open_chest":5,"minecraft:crouch_one_cm":19,"minecraft:play_time":16336,"minecraft:sneak_time":94,"minecraft:walk_under_water_one_cm":17195,"minecraft:jump":205,"minecraft:walk_on_water_one_cm":6858,"minecraft:time_since_death":16336,"minecraft:total_world_time":16336,"minecraft:fall_one_cm":5090},"minecraft:mined":{"minecraft:furnace":2,"minecraft:iron_ore":3,"minecraft:spruce_log":12,"minecraft:stripped_spruce_log":1,"minecraft:sea_lantern":1,"minecraft:crafting_table":3,"minecraft:sand":101,"minecraft:copper_ore":1,"minecraft:spruce_leaves":1,"minecraft:stone":44,"minecraft:diorite":13,"minecraft:sandstone":18},"minecraft:crafted":{"minecraft:cooked_cod":5,"minecraft:charcoal":2,"minecraft:stick":16,"minecraft:crafting_table":1,"minecraft:spruce_planks":28,"minecraft:cooked_chicken":1,"minecraft:wooden_pickaxe":1,"minecraft:iron_ingot":3,"minecraft:iron_pickaxe":1,"minecraft:stone_pickaxe":1,"minecraft:wooden_axe":1,"minecraft:iron_shovel":1,"minecraft:furnace":3,"minecraft:cooked_salmon":3,"minecraft:torch":4,"minecraft:air":0},"minecraft:picked_up":{"minecraft:crafting_table":3,"minecraft:stick":2,"minecraft:raw_iron":3,"minecraft:sandstone":24,"minecraft:chicken":1,"minecraft:salmon":3,"minecraft:torch":2,"minecraft:diorite":12,"minecraft:sand":93,"minecraft:filled_map":1,"minecraft:prismarine_crystals":3,"minecraft:spruce_sapling":3,"minecraft:stripped_spruce_log":1,"minecraft:spruce_log":12,"minecraft:diamond":3,"minecraft:iron_ingot":2,"minecraft:cod":8,"minecraft:furnace":1,"minecraft:cobblestone":51,"minecraft:egg":1},"minecraft:killed":{"minecraft:chicken":1,"minecraft:salmon":4,"minecraft:cod":8},"minecraft:used":{"minecraft:wooden_axe":34,"minecraft:iron_shovel":100,"minecraft:stone_pickaxe":10,"minecraft:iron_pickaxe":59,"minecraft:spruce_planks":1,"minecraft:wooden_pickaxe":14,"minecraft:sandstone":11,"minecraft:cooked_chicken":1,"minecraft:torch":5,"minecraft:sand":10,"minecraft:crafting_table":4,"minecraft:furnace":4,"minecraft:cooked_cod":1}},"DataVersion":3465}