{"stats":{"minecraft:dropped":{"minecraft:diamond":1,"minecraft:cobblestone":1,"minecraft:torch":1},"minecraft:broken":{"minecraft:wooden_axe":1},"minecraft:custom":{"minecraft:interact_with_furnace":129,"minecraft:mob_kills":14,"minecraft:interact_with_crafting_table":47,"minecraft:time_since_death":28336,"minecraft:climb_one_cm":744,"minecraft:time_since_rest":28336,"minecraft:sprint_one_cm":48378,"minecraft:damage_taken":147,"minecraft:walk_one_cm":95206,"minecraft:drop":3,"minecraft:damage_dealt":895,"minecraft:swim_one_cm":19044,"minecraft:fly_one_cm":37176,"minecraft:player_kills":2,"minecraft:open_chest":5,"minecraft:crouch_one_cm":1926,"minecraft:play_time":28336,"tombstone:undead_killed":1,"minecraft:sneak_time":199,"minecraft:walk_under_water_one_cm":20144,"minecraft:boat_one_cm":40680,"minecraft:jump":459,"minecraft:walk_on_water_one_cm":12448,"minecraft:total_world_time":28336,"minecraft:fall_one_cm":8801},"minecraft:mined":{"iceandfire:silver_ore":2,"minecraft:sea_lantern":1,"minecraft:crafting_table":3,"minecraft:copper_ore":10,"minecraft:spruce_leaves":15,"minecraft:diorite":16,"minecraft:sandstone":19,"minecraft:large_fern":1,"minecraft:furnace":6,"minecraft:iron_ore":8,"minecraft:spruce_log":24,"minecraft:andesite":4,"minecraft:stripped_spruce_log":1,"minecraft:coal_ore":12,"minecraft:sand":101,"minecraft:stone":71,"minecraft:suspicious_gravel":1},"minecraft:crafted":{"minecraft:cooked_cod":5,"minecraft:crafting_table":2,"minecraft:spruce_planks":76,"minecraft:wooden_pickaxe":1,"minecraft:cooked_chicken":1,"minecraft:furnace":7,"minecraft:cooked_salmon":3,"iceandfire:armor_copper_metal_leggings":1,"minecraft:copper_ingot":32,"iceandfire:copper_sword":1,"iceandfire:armor_copper_metal_boots":1,"minecraft:air":0,"iceandfire:armor_copper_metal_helmet":1,"iceandfire:copper_axe":1,"minecraft:charcoal":2,"minecraft:shield":1,"minecraft:stick":24,"minecraft:stone_pickaxe":1,"minecraft:iron_pickaxe":1,"minecraft:iron_ingot":3,"iceandfire:armor_copper_metal_chestplate":1,"minecraft:wooden_axe":1,"minecraft:iron_shovel":1,"minecraft:sandstone":13,"minecraft:spruce_boat":1,"minecraft:torch":4},"minecraft:picked_up":{"minecraft:crafting_table":3,"minecraft:chicken":1,"minecraft:andesite":4,"minecraft:salmon":3,"minecraft:filled_map":1,"minecraft:raw_copper":32,"minecraft:iron_ingot":2,"minecraft:egg":1,"minecraft:furnace":5,"minecraft:stick":4,"minecraft:raw_iron":8,"minecraft:sandstone":25,"minecraft:torch":2,"minecraft:sand":93,"minecraft:stripped_spruce_log":1,"minecraft:spruce_sapling":5,"minecraft:diorite":16,"minecraft:spruce_log":24,"minecraft:prismarine_crystals":3,"minecraft:rotten_flesh":1,"minecraft:diamond":3,"minecraft:coal":12,"minecraft:cod":8,"iceandfire:raw_silver":2,"minecraft:cobblestone":78},"minecraft:killed":{"minecraft:salmon":4,"minecraft:cod":8,"minecraft:chicken":1,"minecraft:drowned":1},"minecraft:used":{"minecraft:diorite":16,"minecraft:iron_shovel":100,"minecraft:stone_pickaxe":10,"minecraft:spruce_planks":1,"minecraft:wooden_pickaxe":14,"minecraft:sandstone":30,"minecraft:cooked_chicken":1,"minecraft:torch":5,"minecraft:sand":37,"iceandfire:copper_sword":11,"minecraft:crafting_table":5,"minecraft:spruce_boat":1,"minecraft:wooden_axe":39,"minecraft:iron_pickaxe":126,"minecraft:cobblestone":17,"minecraft:furnace":8,"minecraft:cooked_cod":2,"minecraft:andesite":4}},"DataVersion":3465}