{"stats":{"minecraft:dropped":{"minecraft:diamond":1,"minecraft:cobblestone":1,"minecraft:torch":1,"minecraft:cooked_cod":2,"minecraft:filled_map":1},"minecraft:broken":{"minecraft:wooden_axe":1},"minecraft:custom":{"minecraft:mob_kills":19,"minecraft:interact_with_crafting_table":55,"minecraft:open_barrel":2,"minecraft:bell_ring":1,"minecraft:time_since_death":11349,"minecraft:climb_one_cm":744,"minecraft:sprint_one_cm":64172,"minecraft:walk_one_cm":145620,"minecraft:damage_blocked_by_shield":630,"minecraft:drop":6,"minecraft:play_time":46336,"minecraft:deaths":3,"minecraft:sneak_time":337,"minecraft:walk_under_water_one_cm":47013,"minecraft:boat_one_cm":153396,"minecraft:jump":611,"minecraft:walk_on_water_one_cm":28687,"minecraft:total_world_time":46336,"minecraft:interact_with_furnace":140,"tombstone:raider_killed":2,"minecraft:time_since_rest":10471,"minecraft:damage_taken":1095,"minecraft:damage_dealt":1787,"minecraft:swim_one_cm":43710,"minecraft:player_kills":2,"minecraft:fly_one_cm":54561,"minecraft:open_chest":19,"minecraft:crouch_one_cm":1926,"tombstone:undead_killed":4,"minecraft:fall_one_cm":10871,"minecraft:inspect_dispenser":1},"minecraft:mined":{"iceandfire:silver_ore":2,"minecraft:sea_lantern":1,"minecraft:jungle_planks":1,"minecraft:stripped_jungle_wood":2,"minecraft:brown_mushroom_block":1,"minecraft:spruce_leaves":15,"minecraft:sandstone":19,"minecraft:large_fern":1,"minecraft:hay_block":15,"minecraft:furnace":7,"minecraft:iron_ore":10,"minecraft:andesite":4,"minecraft:stripped_spruce_log":1,"minecraft:stone":75,"minecraft:oak_slab":1,"minecraft:crafting_table":3,"minecraft:copper_ore":10,"minecraft:oak_planks":1,"minecraft:diorite":16,"minecraft:spruce_log":24,"minecraft:black_bed":1,"minecraft:tnt":4,"minecraft:coal_ore":12,"minecraft:sand":101,"minecraft:jungle_wall_sign":1,"minecraft:suspicious_gravel":1},"minecraft:crafted":{"minecraft:jungle_button":1,"minecraft:spruce_button":1,"minecraft:cooked_chicken":1,"minecraft:furnace":7,"iceandfire:armor_copper_metal_leggings":1,"iceandfire:armor_copper_metal_helmet":1,"iceandfire:armor_copper_metal_boots":1,"iceandfire:copper_axe":1,"minecraft:iron_axe":1,"iceandfire:armor_copper_metal_chestplate":1,"minecraft:stone_pickaxe":1,"minecraft:spruce_boat":2,"minecraft:dark_oak_planks":8,"minecraft:wheat":180,"minecraft:cooked_cod":5,"minecraft:crafting_table":4,"minecraft:spruce_planks":76,"minecraft:wooden_pickaxe":1,"minecraft:iron_sword":1,"minecraft:cooked_salmon":3,"minecraft:copper_ingot":32,"iceandfire:copper_sword":1,"minecraft:bread":63,"minecraft:air":0,"minecraft:charcoal":2,"minecraft:shield":1,"minecraft:stick":40,"minecraft:iron_ingot":10,"minecraft:iron_pickaxe":1,"minecraft:wooden_axe":1,"minecraft:iron_shovel":1,"minecraft:sandstone":13,"minecraft:torch":4},"minecraft:killed_by":{"minecraft:drowned":2,"iceandfire:sea_serpent":1},"minecraft:picked_up":{"minecraft:crafting_table":3,"minecraft:chicken":1,"minecraft:ladder":5,"minecraft:brown_mushroom":2,"minecraft:oak_trapdoor":3,"minecraft:raw_copper":32,"minecraft:item_frame":3,"minecraft:polished_blackstone_wall":4,"minecraft:experience_bottle":2,"minecraft:cartography_table":1,"minecraft:spruce_trapdoor":2,"minecraft:furnace":7,"minecraft:egg":1,"minecraft:stick":4,"minecraft:raw_iron":10,"minecraft:sandstone":25,"minecraft:jungle_door":1,"minecraft:torch":2,"minecraft:spruce_stairs":2,"minecraft:diorite":16,"minecraft:prismarine_crystals":3,"minecraft:jungle_sign":5,"minecraft:tnt":4,"minecraft:rotten_flesh":4,"minecraft:hay_block":20,"minecraft:black_banner":1,"minecraft:cod":8,"minecraft:cobblestone":81,"minecraft:salmon":3,"wandering_bags:pillager_bag":1,"minecraft:andesite":4,"minecraft:black_bed":2,"minecraft:leather":4,"minecraft:filled_map":1,"minecraft:white_banner":1,"minecraft:kelp":30,"minecraft:bell":1,"minecraft:iron_ingot":2,"minecraft:oak_fence_gate":2,"minecraft:oak_planks":2,"minecraft:scaffolding":1,"minecraft:oak_slab":14,"iceandfire:copper_axe":1,"minecraft:sand":93,"minecraft:polished_blackstone_slab":1,"minecraft:jungle_planks":9,"minecraft:stripped_spruce_log":1,"minecraft:spruce_sapling":5,"minecraft:spruce_log":24,"minecraft:dark_oak_log":7,"minecraft:diamond":3,"minecraft:spruce_boat":1,"minecraft:stripped_jungle_wood":3,"minecraft:crossbow":1,"minecraft:spruce_button":1,"minecraft:emerald":1,"iceandfire:raw_silver":2,"minecraft:coal":12},"minecraft:killed":{"minecraft:cod":8,"minecraft:chicken":1,"minecraft:drowned":3,"minecraft:salmon":4,"minecraft:pillager":2,"minecraft:zombie":1},"minecraft:used":{"minecraft:iron_shovel":100,"minecraft:spruce_planks":1,"minecraft:shield":9,"minecraft:bell":1,"minecraft:cooked_salmon":1,"minecraft:cooked_chicken":1,"minecraft:torch":5,"iceandfire:copper_sword":41,"minecraft:jungle_planks":1,"minecraft:spruce_stairs":2,"minecraft:spruce_boat":3,"minecraft:wooden_axe":39,"minecraft:iron_axe":1,"minecraft:spruce_button":1,"iceandfire:copper_axe":3,"minecraft:jungle_button":1,"minecraft:furnace":11,"minecraft:cooked_cod":3,"minecraft:egg":1,"minecraft:diorite":16,"minecraft:stone_pickaxe":10,"minecraft:wooden_pickaxe":14,"minecraft:sandstone":30,"minecraft:sand":37,"minecraft:tnt":3,"minecraft:crafting_table":7,"minecraft:black_bed":1,"minecraft:bread":1,"minecraft:iron_pickaxe":133,"minecraft:spruce_trapdoor":2,"minecraft:cobblestone":21,"minecraft:white_banner":1,"minecraft:andesite":4,"minecraft:experience_bottle":3}},"DataVersion":3465}