{"stats":{"minecraft:killed_by":{"minecraft:player":1},"minecraft:custom":{"minecraft:jump":162,"minecraft:time_since_rest":8056,"minecraft:damage_dealt":89,"minecraft:damage_taken":455,"minecraft:leave_game":5,"minecraft:play_time":12423,"minecraft:sprint_one_cm":16590,"minecraft:time_since_death":8286,"minecraft:walk_one_cm":6056,"minecraft:deaths":1,"minecraft:sneak_time":2,"minecraft:total_world_time":12423,"minecraft:fall_one_cm":4865,"minecraft:fly_one_cm":44811},"minecraft:used":{"tombstone:gift":2}},"DataVersion":3465}