{"stats":{"minecraft:killed_by":{"minecraft:player":1},"minecraft:custom":{"minecraft:jump":150,"minecraft:time_since_rest":1903,"minecraft:damage_dealt":89,"minecraft:damage_taken":455,"minecraft:leave_game":4,"minecraft:play_time":6270,"minecraft:sprint_one_cm":15476,"minecraft:time_since_death":2133,"minecraft:walk_one_cm":5229,"minecraft:deaths":1,"minecraft:sneak_time":2,"minecraft:total_world_time":6270,"minecraft:fall_one_cm":4656,"minecraft:fly_one_cm":42206},"minecraft:used":{"tombstone:gift":2}},"DataVersion":3465}