{"stats":{"minecraft:killed_by":{"minecraft:player":1},"minecraft:custom":{"minecraft:jump":150,"minecraft:time_since_rest":1231,"minecraft:deaths":1,"minecraft:damage_dealt":89,"minecraft:leave_game":3,"minecraft:play_time":5598,"minecraft:sprint_one_cm":15476,"minecraft:damage_taken":455,"minecraft:time_since_death":1461,"minecraft:walk_one_cm":5229,"minecraft:sneak_time":2,"minecraft:total_world_time":5598,"minecraft:fall_one_cm":4656,"minecraft:fly_one_cm":42206},"minecraft:used":{"tombstone:gift":2}},"DataVersion":3465}