{"stats":{"minecraft:dropped":{"minecraft:diamond":2},"minecraft:custom":{"minecraft:time_since_rest":1205,"minecraft:interact_with_furnace":3,"minecraft:sprint_one_cm":22536,"minecraft:damage_taken":699,"minecraft:walk_one_cm":25922,"minecraft:mob_kills":1,"minecraft:drop":2,"minecraft:damage_dealt":167,"minecraft:swim_one_cm":3265,"minecraft:interact_with_crafting_table":9,"minecraft:fly_one_cm":37583,"minecraft:open_chest":5,"minecraft:crouch_one_cm":7540,"minecraft:play_time":10741,"minecraft:deaths":2,"minecraft:sneak_time":1754,"minecraft:walk_under_water_one_cm":1702,"minecraft:jump":249,"minecraft:leave_game":1,"minecraft:walk_on_water_one_cm":1253,"minecraft:time_since_death":1355,"minecraft:total_world_time":10741,"minecraft:fall_one_cm":6490},"minecraft:mined":{"minecraft:large_fern":1,"minecraft:spruce_log":10,"minecraft:crafting_table":2,"minecraft:granite":3,"minecraft:grass_block":3,"minecraft:sand":12,"minecraft:dirt":9,"minecraft:cobblestone":7,"minecraft:stone":44,"minecraft:diorite":1,"minecraft:sandstone":11},"minecraft:crafted":{"minecraft:stone_shovel":1,"minecraft:crafting_table":1,"minecraft:spruce_planks":36,"minecraft:stick":16,"minecraft:wooden_pickaxe":1,"minecraft:stone_pickaxe":1,"minecraft:wooden_axe":1,"minecraft:stone_sword":1,"minecraft:stone_axe":1},"minecraft:killed_by":{"minecraft:player":2},"minecraft:picked_up":{"minecraft:crafting_table":2,"minecraft:sandstone":5,"minecraft:sand":20,"minecraft:spruce_sapling":1,"minecraft:diorite":1,"minecraft:spruce_log":9,"minecraft:string":1,"minecraft:dirt":12,"minecraft:pufferfish":2,"minecraft:cobblestone":44},"minecraft:killed":{"minecraft:spider":1},"minecraft:used":{"minecraft:wooden_axe":6,"minecraft:stone_shovel":12,"minecraft:stone_pickaxe":63,"minecraft:wooden_pickaxe":6,"minecraft:stone_axe":3,"minecraft:fishing_rod":4,"minecraft:dirt":12,"minecraft:sand":10,"minecraft:cobblestone":20,"minecraft:crafting_table":2,"minecraft:cooked_cod":1}},"DataVersion":3465}