{"stats":{"minecraft:dropped":{"minecraft:iron_ingot":12,"minecraft:stone_axe":1,"minecraft:stone_sword":2,"minecraft:tnt":2,"minecraft:diamond":2,"minecraft:crafting_table":2,"alexscaves:cave_tablet":2,"minecraft:wheat":6,"minecraft:stone_shovel":2,"minecraft:prismarine_crystals":4,"minecraft:rotten_flesh":4,"minecraft:coal":10,"minecraft:stick":10,"minecraft:emerald":2,"minecraft:pufferfish":4,"minecraft:diorite":2,"minecraft:spruce_planks":34,"minecraft:wooden_axe":2,"minecraft:cooked_cod":6,"minecraft:potion":4,"minecraft:sandstone":18,"minecraft:heart_of_the_sea":2,"minecraft:sand":39,"minecraft:stone_pickaxe":2,"minecraft:wooden_pickaxe":2,"minecraft:string":2,"minecraft:fishing_rod":2,"minecraft:spruce_sapling":2,"minecraft:gold_ingot":2},"minecraft:custom":{"minecraft:interact_with_furnace":3,"minecraft:mob_kills":1,"minecraft:interact_with_crafting_table":9,"minecraft:leave_game":2,"minecraft:time_since_death":3055,"minecraft:time_since_rest":2905,"minecraft:sprint_one_cm":30728,"minecraft:damage_taken":799,"minecraft:walk_one_cm":41047,"minecraft:drop":59,"minecraft:damage_dealt":167,"minecraft:swim_one_cm":3887,"minecraft:fly_one_cm":49234,"minecraft:open_chest":5,"minecraft:crouch_one_cm":8216,"minecraft:play_time":12441,"minecraft:deaths":2,"minecraft:sneak_time":1840,"minecraft:walk_under_water_one_cm":3700,"minecraft:jump":344,"minecraft:walk_on_water_one_cm":4236,"minecraft:total_world_time":12441,"minecraft:fall_one_cm":10245},"minecraft:mined":{"minecraft:crafting_table":2,"minecraft:granite":3,"minecraft:grass_block":3,"minecraft:cobblestone":7,"minecraft:diorite":1,"minecraft:sandstone":11,"minecraft:large_fern":1,"minecraft:spruce_log":10,"minecraft:dirt":9,"minecraft:sand":12,"minecraft:stone":44},"minecraft:crafted":{"minecraft:stone_shovel":1,"minecraft:crafting_table":1,"minecraft:spruce_planks":36,"minecraft:wooden_pickaxe":1,"minecraft:stone_axe":1,"minecraft:stick":16,"minecraft:stone_pickaxe":1,"minecraft:wooden_axe":1,"minecraft:stone_sword":1},"minecraft:killed_by":{"minecraft:player":2},"minecraft:picked_up":{"minecraft:wooden_axe":1,"minecraft:fishing_rod":1,"minecraft:crafting_table":3,"minecraft:wheat":3,"minecraft:wooden_pickaxe":1,"alexscaves:cave_tablet":1,"minecraft:potion":2,"minecraft:dirt":12,"minecraft:string":2,"minecraft:pufferfish":4,"minecraft:spruce_planks":17,"minecraft:heart_of_the_sea":1,"minecraft:iron_ingot":6,"minecraft:stone_pickaxe":1,"minecraft:stick":5,"minecraft:sandstone":17,"minecraft:sand":48,"minecraft:spruce_sapling":2,"minecraft:diorite":2,"minecraft:spruce_log":9,"minecraft:prismarine_crystals":2,"minecraft:tnt":1,"minecraft:stone_sword":1,"minecraft:cooked_cod":3,"minecraft:rotten_flesh":2,"minecraft:stone_shovel":1,"minecraft:stone_axe":1,"minecraft:emerald":1,"minecraft:gold_ingot":1,"minecraft:coal":5,"minecraft:cobblestone":44},"minecraft:killed":{"minecraft:spider":1},"minecraft:used":{"minecraft:stone_shovel":12,"minecraft:stone_pickaxe":63,"minecraft:spruce_planks":1,"minecraft:wooden_pickaxe":6,"minecraft:dirt":12,"minecraft:sand":10,"minecraft:crafting_table":2,"minecraft:wooden_axe":6,"minecraft:stone_axe":3,"minecraft:fishing_rod":18,"minecraft:cobblestone":35,"minecraft:cooked_cod":1}},"DataVersion":3465}