{"stats":{"minecraft:dropped":{"minecraft:enchanted_book":1,"minecraft:wheat_seeds":5,"minecraft:wheat":2,"minecraft:stick":1,"minecraft:wooden_pickaxe":1},"minecraft:custom":{"minecraft:interact_with_furnace":33,"minecraft:mob_kills":10,"minecraft:interact_with_crafting_table":32,"minecraft:leave_game":1,"minecraft:time_since_death":2127,"minecraft:climb_one_cm":1836,"minecraft:time_since_rest":1481,"minecraft:sprint_one_cm":236926,"minecraft:damage_taken":2936,"minecraft:walk_one_cm":83744,"minecraft:damage_blocked_by_shield":720,"minecraft:drop":8,"minecraft:damage_dealt":3661,"minecraft:swim_one_cm":32154,"minecraft:fly_one_cm":346080,"minecraft:open_chest":1,"minecraft:crouch_one_cm":9891,"minecraft:play_time":46054,"tombstone:undead_killed":7,"minecraft:deaths":10,"minecraft:sneak_time":2623,"minecraft:walk_under_water_one_cm":2371,"minecraft:boat_one_cm":23535,"tombstone:tomb_raiding":1,"minecraft:jump":1522,"minecraft:walk_on_water_one_cm":10866,"minecraft:total_world_time":46054,"minecraft:fall_one_cm":32997},"minecraft:mined":{"minecraft:crafting_table":3,"minecraft:granite":14,"minecraft:grass_block":7,"minecraft:cobblestone":1,"minecraft:spruce_leaves":5,"minecraft:hay_block":7,"minecraft:birch_log":7,"minecraft:iron_ore":10,"minecraft:spruce_log":14,"minecraft:grass":4,"minecraft:coal_ore":1,"minecraft:oak_log":10,"iceandfire:gold_pile":13,"minecraft:gravel":1,"minecraft:dirt":14,"minecraft:sand":2,"minecraft:stone":38,"minecraft:oak_leaves":5,"minecraft:fern":3},"minecraft:crafted":{"minecraft:iron_nugget":9,"minecraft:crafting_table":2,"minecraft:spruce_planks":56,"minecraft:wooden_pickaxe":1,"minecraft:iron_sword":1,"minecraft:furnace":1,"minecraft:stone_axe":1,"minecraft:bread":21,"minecraft:air":0,"minecraft:iron_chestplate":1,"minecraft:shield":1,"minecraft:stick":16,"minecraft:iron_ingot":8,"minecraft:stone_pickaxe":1,"minecraft:wooden_axe":1,"simplyswords:gold_chakram":2,"minecraft:gold_ingot":8,"minecraft:spruce_boat":1,"minecraft:wheat":63},"minecraft:killed_by":{"minecraft:skeleton":2,"minecraft:spider":1,"minecraft:enderman":1,"bonesupdate:knight_skeleton":1,"iceandfire:fire_dragon":4},"minecraft:picked_up":{"minecraft:birch_log":7,"minecraft:crafting_table":3,"minecraft:wooden_pickaxe":1,"minecraft:enchanted_book":1,"minecraft:oak_log":9,"minecraft:string":3,"minecraft:dirt":29,"xp_jellies:jellyglob":1,"minecraft:wheat_seeds":4,"minecraft:gold_nugget":214,"minecraft:iron_ingot":4,"minecraft:oak_planks":1,"minecraft:stick":4,"minecraft:raw_iron":10,"xp_jellies:jellycore":2,"minecraft:gravel":1,"minecraft:sand":2,"minecraft:spruce_sapling":1,"tombstone:grave_dust":2,"minecraft:spruce_log":14,"minecraft:spider_eye":1,"minecraft:bundle":1,"tombstone:familiar_stone":1,"minecraft:rotten_flesh":1,"minecraft:spruce_boat":1,"minecraft:hay_block":8,"minecraft:granite":15,"minecraft:coal":1,"minecraft:cobblestone":38},"minecraft:killed":{"minecraft:zombie_villager":1,"minecraft:spider":1,"minecraft:iron_golem":1,"minecraft:zombie":6,"xp_jellies:titanexperiencejellyfish":1},"minecraft:used":{"minecraft:stone_pickaxe":67,"minecraft:shield":8,"minecraft:wooden_pickaxe":10,"minecraft:iron_sword":3,"minecraft:iron_chestplate":1,"minecraft:dirt":12,"minecraft:sand":2,"minecraft:crafting_table":3,"minecraft:spruce_boat":2,"minecraft:wooden_axe":16,"minecraft:bread":9,"minecraft:gravel":1,"minecraft:spruce_sapling":1,"minecraft:stone_axe":65,"minecraft:cobblestone":20,"minecraft:hay_block":1,"minecraft:furnace":1,"tombstone:gift":2,"simplyswords:gold_chakram":3}},"DataVersion":3465}