{"stats":{"minecraft:dropped":{"minecraft:enchanted_book":1,"minecraft:wheat_seeds":1},"minecraft:custom":{"minecraft:time_since_rest":3127,"minecraft:sprint_one_cm":73506,"minecraft:damage_taken":1015,"minecraft:walk_one_cm":30282,"minecraft:mob_kills":1,"minecraft:drop":2,"minecraft:damage_dealt":500,"minecraft:swim_one_cm":11899,"minecraft:interact_with_crafting_table":5,"minecraft:fly_one_cm":97230,"minecraft:crouch_one_cm":2204,"minecraft:play_time":23876,"minecraft:deaths":4,"minecraft:sneak_time":1014,"minecraft:walk_under_water_one_cm":1595,"tombstone:tomb_raiding":1,"minecraft:jump":452,"minecraft:time_since_death":3774,"minecraft:walk_on_water_one_cm":6556,"minecraft:total_world_time":23876,"minecraft:fall_one_cm":10469},"minecraft:mined":{"minecraft:birch_log":7,"minecraft:iron_ore":2,"minecraft:spruce_log":14,"minecraft:crafting_table":2,"minecraft:grass":1,"minecraft:grass_block":4,"minecraft:oak_log":5,"minecraft:dirt":12,"minecraft:sand":2,"minecraft:spruce_leaves":2,"minecraft:stone":25,"minecraft:fern":2},"minecraft:crafted":{"minecraft:crafting_table":2,"minecraft:spruce_planks":56,"minecraft:stick":16,"minecraft:wooden_pickaxe":1,"minecraft:stone_pickaxe":1,"minecraft:wooden_axe":1,"minecraft:stone_axe":1},"minecraft:killed_by":{"bonesupdate:knight_skeleton":1,"minecraft:skeleton":2,"minecraft:spider":1},"minecraft:picked_up":{"minecraft:birch_log":7,"minecraft:raw_iron":2,"minecraft:stick":3,"minecraft:crafting_table":2,"minecraft:wooden_pickaxe":1,"minecraft:enchanted_book":1,"minecraft:sand":2,"minecraft:oak_log":4,"minecraft:spruce_sapling":1,"minecraft:spruce_log":14,"minecraft:dirt":16,"minecraft:spider_eye":1,"minecraft:string":1,"minecraft:wheat_seeds":1,"minecraft:cobblestone":25},"minecraft:killed":{"minecraft:spider":1},"minecraft:used":{"minecraft:wooden_axe":16,"minecraft:stone_pickaxe":18,"minecraft:wooden_pickaxe":10,"minecraft:spruce_sapling":1,"minecraft:stone_axe":13,"minecraft:dirt":6,"minecraft:sand":2,"minecraft:crafting_table":2,"tombstone:gift":2}},"DataVersion":3465}