{"stats":{"minecraft:dropped":{"minecraft:enchanted_book":1,"minecraft:wheat_seeds":3,"minecraft:stick":1},"minecraft:custom":{"minecraft:interact_with_furnace":1,"minecraft:mob_kills":9,"minecraft:interact_with_crafting_table":10,"minecraft:leave_game":1,"minecraft:time_since_death":3482,"minecraft:climb_one_cm":860,"minecraft:time_since_rest":2973,"minecraft:sprint_one_cm":113738,"minecraft:damage_taken":1775,"minecraft:walk_one_cm":65503,"minecraft:damage_blocked_by_shield":210,"minecraft:drop":5,"minecraft:damage_dealt":3106,"minecraft:swim_one_cm":14775,"minecraft:fly_one_cm":169018,"minecraft:open_chest":1,"minecraft:crouch_one_cm":9204,"minecraft:play_time":34054,"tombstone:undead_killed":7,"minecraft:deaths":6,"minecraft:sneak_time":2505,"minecraft:walk_under_water_one_cm":1972,"minecraft:boat_one_cm":23535,"tombstone:tomb_raiding":1,"minecraft:jump":750,"minecraft:walk_on_water_one_cm":7819,"minecraft:total_world_time":34054,"minecraft:fall_one_cm":15817},"minecraft:mined":{"minecraft:crafting_table":3,"minecraft:granite":14,"minecraft:grass_block":4,"minecraft:cobblestone":1,"minecraft:spruce_leaves":2,"minecraft:hay_block":7,"minecraft:birch_log":7,"minecraft:iron_ore":10,"minecraft:spruce_log":14,"minecraft:grass":4,"minecraft:coal_ore":1,"minecraft:oak_log":10,"iceandfire:gold_pile":10,"minecraft:dirt":14,"minecraft:sand":2,"minecraft:stone":38,"minecraft:fern":3},"minecraft:crafted":{"minecraft:crafting_table":2,"minecraft:spruce_planks":56,"minecraft:wooden_pickaxe":1,"minecraft:iron_sword":1,"minecraft:furnace":1,"minecraft:stone_axe":1,"minecraft:bread":21,"minecraft:shield":1,"minecraft:stick":16,"minecraft:stone_pickaxe":1,"minecraft:wooden_axe":1,"minecraft:spruce_boat":1,"minecraft:wheat":63},"minecraft:killed_by":{"minecraft:skeleton":2,"minecraft:spider":1,"bonesupdate:knight_skeleton":1,"iceandfire:fire_dragon":2},"minecraft:picked_up":{"minecraft:birch_log":7,"minecraft:crafting_table":3,"minecraft:wooden_pickaxe":1,"minecraft:enchanted_book":1,"minecraft:oak_log":9,"minecraft:string":3,"minecraft:dirt":27,"minecraft:wheat_seeds":4,"minecraft:gold_nugget":72,"minecraft:iron_ingot":4,"minecraft:oak_planks":1,"minecraft:stick":4,"minecraft:raw_iron":10,"minecraft:sand":2,"minecraft:spruce_sapling":1,"tombstone:grave_dust":2,"minecraft:spruce_log":14,"minecraft:spider_eye":1,"minecraft:bundle":1,"tombstone:familiar_stone":1,"minecraft:rotten_flesh":1,"minecraft:spruce_boat":1,"minecraft:hay_block":8,"minecraft:granite":15,"minecraft:coal":1,"minecraft:cobblestone":38},"minecraft:killed":{"minecraft:zombie_villager":1,"minecraft:spider":1,"minecraft:iron_golem":1,"minecraft:zombie":6},"minecraft:used":{"minecraft:stone_pickaxe":64,"minecraft:shield":1,"minecraft:wooden_pickaxe":10,"minecraft:iron_sword":2,"minecraft:dirt":10,"minecraft:sand":2,"minecraft:crafting_table":3,"minecraft:spruce_boat":2,"minecraft:wooden_axe":16,"minecraft:bread":4,"minecraft:spruce_sapling":1,"minecraft:stone_axe":65,"minecraft:cobblestone":20,"minecraft:hay_block":1,"minecraft:furnace":1,"tombstone:gift":2}},"DataVersion":3465}