{"stats":{"minecraft:dropped":{"minecraft:gravel":1,"minecraft:enchanted_book":1,"minecraft:oak_slab":2,"minecraft:kelp":8,"minecraft:wheat_seeds":5,"minecraft:wheat":2,"minecraft:stick":1,"minecraft:spruce_slab":1,"minecraft:wooden_pickaxe":2},"minecraft:custom":{"minecraft:interact_with_furnace":33,"minecraft:mob_kills":12,"tombstone:raider_killed":2,"minecraft:interact_with_crafting_table":33,"minecraft:open_barrel":2,"minecraft:leave_game":1,"minecraft:time_since_death":6819,"minecraft:climb_one_cm":1908,"minecraft:time_since_rest":5063,"minecraft:sprint_one_cm":247651,"minecraft:damage_taken":3901,"minecraft:walk_one_cm":93896,"minecraft:damage_blocked_by_shield":1880,"minecraft:drop":15,"minecraft:damage_dealt":3988,"minecraft:swim_one_cm":106228,"minecraft:fly_one_cm":366866,"minecraft:open_chest":3,"minecraft:crouch_one_cm":12343,"minecraft:play_time":58054,"tombstone:undead_killed":7,"minecraft:deaths":12,"minecraft:sneak_time":3913,"minecraft:walk_under_water_one_cm":22650,"minecraft:boat_one_cm":24030,"tombstone:tomb_raiding":1,"minecraft:jump":1623,"minecraft:walk_on_water_one_cm":24716,"minecraft:total_world_time":58054,"minecraft:fall_one_cm":34845},"minecraft:mined":{"minecraft:oak_slab":1,"minecraft:crafting_table":3,"minecraft:granite":14,"minecraft:grass_block":7,"minecraft:cobblestone":1,"minecraft:spruce_leaves":5,"minecraft:hay_block":11,"minecraft:birch_log":7,"minecraft:iron_ore":10,"minecraft:spruce_log":14,"minecraft:tnt":11,"minecraft:grass":4,"minecraft:coal_ore":1,"minecraft:oak_log":10,"iceandfire:gold_pile":13,"minecraft:gravel":2,"minecraft:dirt":14,"minecraft:sand":2,"minecraft:stone":38,"minecraft:spruce_slab":1,"minecraft:oak_leaves":5,"minecraft:jungle_wall_sign":1,"minecraft:fern":3},"minecraft:crafted":{"minecraft:iron_nugget":9,"minecraft:crafting_table":2,"minecraft:spruce_planks":56,"minecraft:wooden_pickaxe":1,"minecraft:iron_sword":1,"minecraft:furnace":1,"minecraft:stone_axe":1,"minecraft:bread":21,"minecraft:air":0,"minecraft:iron_chestplate":1,"minecraft:shield":1,"minecraft:stick":16,"minecraft:iron_ingot":8,"minecraft:stone_pickaxe":1,"minecraft:wooden_axe":1,"simplyswords:gold_chakram":2,"minecraft:gold_ingot":8,"minecraft:spruce_boat":1,"minecraft:wheat":63},"minecraft:killed_by":{"minecraft:skeleton":2,"minecraft:spider":1,"minecraft:enderman":1,"minecraft:drowned":1,"iceandfire:sea_serpent":1,"bonesupdate:knight_skeleton":1,"iceandfire:fire_dragon":4},"minecraft:picked_up":{"minecraft:birch_log":7,"minecraft:crafting_table":3,"minecraft:wooden_pickaxe":1,"minecraft:enchanted_book":1,"minecraft:oak_log":9,"minecraft:string":3,"minecraft:dirt":29,"minecraft:item_frame":2,"xp_jellies:jellyglob":1,"minecraft:experience_bottle":1,"minecraft:kelp":8,"minecraft:wheat_seeds":4,"minecraft:gold_nugget":214,"minecraft:iron_ingot":4,"minecraft:spruce_slab":1,"minecraft:oak_planks":1,"minecraft:oak_slab":2,"minecraft:stick":4,"minecraft:raw_iron":10,"xp_jellies:jellycore":2,"minecraft:gravel":3,"minecraft:sand":2,"minecraft:spruce_sapling":1,"tombstone:grave_dust":2,"minecraft:spruce_log":14,"minecraft:tnt":11,"minecraft:spider_eye":1,"minecraft:jungle_sign":3,"minecraft:bundle":1,"tombstone:familiar_stone":1,"minecraft:rotten_flesh":1,"minecraft:spruce_boat":1,"minecraft:hay_block":9,"minecraft:granite":15,"minecraft:gold_ingot":1,"minecraft:coal":1,"minecraft:cobblestone":38},"minecraft:killed":{"minecraft:zombie_villager":1,"minecraft:spider":1,"minecraft:iron_golem":1,"minecraft:pillager":2,"minecraft:zombie":6,"xp_jellies:titanexperiencejellyfish":1},"minecraft:used":{"minecraft:stone_pickaxe":67,"minecraft:shield":30,"minecraft:wooden_pickaxe":10,"minecraft:iron_sword":22,"minecraft:iron_chestplate":1,"minecraft:dirt":26,"minecraft:sand":2,"minecraft:crafting_table":3,"minecraft:spruce_boat":2,"minecraft:wooden_axe":16,"minecraft:bread":17,"minecraft:gravel":2,"minecraft:spruce_sapling":1,"minecraft:stone_axe":67,"minecraft:cobblestone":20,"minecraft:hay_block":2,"minecraft:furnace":1,"tombstone:gift":2,"simplyswords:gold_chakram":3}},"DataVersion":3465}