{"stats":{"minecraft:dropped":{"minecraft:enchanted_book":1,"minecraft:wheat_seeds":1},"minecraft:custom":{"minecraft:time_since_rest":6103,"minecraft:sprint_one_cm":53974,"minecraft:damage_taken":695,"minecraft:walk_one_cm":20144,"minecraft:mob_kills":1,"minecraft:drop":2,"minecraft:damage_dealt":300,"minecraft:interact_with_crafting_table":2,"minecraft:fly_one_cm":73960,"minecraft:crouch_one_cm":539,"minecraft:play_time":17876,"minecraft:deaths":2,"minecraft:sneak_time":180,"minecraft:walk_under_water_one_cm":436,"tombstone:tomb_raiding":1,"minecraft:jump":327,"minecraft:time_since_death":6285,"minecraft:walk_on_water_one_cm":2058,"minecraft:total_world_time":17876,"minecraft:fall_one_cm":8811},"minecraft:mined":{"minecraft:spruce_log":14,"minecraft:crafting_table":1,"minecraft:grass":1,"minecraft:sand":2,"minecraft:spruce_leaves":2,"minecraft:fern":2},"minecraft:crafted":{"minecraft:crafting_table":2,"minecraft:spruce_planks":56,"minecraft:stick":4,"minecraft:wooden_pickaxe":1,"minecraft:wooden_axe":1},"minecraft:killed_by":{"bonesupdate:knight_skeleton":1,"minecraft:spider":1},"minecraft:picked_up":{"minecraft:stick":1,"minecraft:crafting_table":1,"minecraft:enchanted_book":1,"minecraft:sand":2,"minecraft:spruce_sapling":1,"minecraft:spruce_log":14,"minecraft:spider_eye":1,"minecraft:string":1,"minecraft:wheat_seeds":1},"minecraft:killed":{"minecraft:spider":1},"minecraft:used":{"minecraft:wooden_axe":12,"minecraft:spruce_sapling":1,"minecraft:sand":2,"minecraft:crafting_table":2,"tombstone:gift":1}},"DataVersion":3465}