{"stats":{"minecraft:dropped":{"minecraft:gravel":1,"minecraft:enchanted_book":1,"minecraft:oak_slab":2,"minecraft:kelp":8,"minecraft:wheat_seeds":5,"minecraft:jungle_fence_gate":1,"minecraft:iron_nugget":1,"minecraft:wheat":2,"minecraft:granite":22,"minecraft:jungle_planks":7,"minecraft:blackstone_stairs":1,"minecraft:leather_helmet":1,"minecraft:item_frame":2,"minecraft:stick":9,"minecraft:sea_pickle":2,"minecraft:torch":5,"minecraft:gold_nugget":2,"minecraft:leather_boots":1,"minecraft:spruce_slab":1,"minecraft:wooden_pickaxe":2},"minecraft:custom":{"minecraft:interact_with_furnace":33,"minecraft:mob_kills":15,"tombstone:raider_killed":2,"minecraft:interact_with_crafting_table":41,"minecraft:open_barrel":13,"minecraft:leave_game":1,"minecraft:time_since_death":5839,"minecraft:climb_one_cm":1908,"minecraft:time_since_rest":5716,"minecraft:sprint_one_cm":267924,"minecraft:damage_absorbed":40,"minecraft:damage_taken":4387,"minecraft:walk_one_cm":121016,"minecraft:damage_blocked_by_shield":1880,"minecraft:drop":28,"minecraft:damage_dealt":4985,"minecraft:swim_one_cm":154977,"minecraft:fly_one_cm":383057,"minecraft:open_chest":8,"minecraft:crouch_one_cm":16893,"minecraft:play_time":70054,"tombstone:undead_killed":7,"minecraft:deaths":13,"minecraft:sneak_time":4935,"minecraft:walk_under_water_one_cm":33162,"minecraft:boat_one_cm":47790,"tombstone:tomb_raiding":1,"minecraft:jump":1817,"minecraft:walk_on_water_one_cm":37823,"minecraft:total_world_time":70054,"minecraft:fall_one_cm":37076},"minecraft:mined":{"minecraft:oak_slab":1,"minecraft:crafting_table":4,"minecraft:granite":14,"minecraft:grass_block":7,"minecraft:cobblestone":1,"minecraft:spruce_leaves":5,"minecraft:spawner":2,"minecraft:hay_block":12,"minecraft:birch_log":7,"minecraft:iron_ore":10,"minecraft:spruce_log":14,"minecraft:black_bed":1,"minecraft:tnt":13,"minecraft:grass":4,"minecraft:coal_ore":1,"minecraft:oak_log":10,"iceandfire:gold_pile":13,"minecraft:gravel":3,"minecraft:dirt":14,"minecraft:sand":2,"minecraft:stone":38,"minecraft:spruce_slab":1,"minecraft:oak_leaves":5,"minecraft:jungle_wall_sign":1,"minecraft:fern":3},"minecraft:crafted":{"minecraft:oak_planks":36,"minecraft:iron_nugget":9,"minecraft:crafting_table":2,"minecraft:spruce_planks":56,"minecraft:wooden_pickaxe":1,"minecraft:iron_sword":1,"minecraft:furnace":1,"minecraft:stone_axe":1,"minecraft:bread":24,"minecraft:air":0,"minecraft:oak_boat":1,"minecraft:iron_chestplate":1,"minecraft:diamond_pickaxe":1,"minecraft:shield":1,"minecraft:stick":20,"minecraft:iron_ingot":8,"minecraft:stone_pickaxe":1,"minecraft:wooden_axe":1,"simplyswords:gold_chakram":2,"minecraft:gold_ingot":24,"minecraft:spruce_boat":1,"minecraft:wheat":72},"minecraft:killed_by":{"minecraft:skeleton":2,"minecraft:spider":1,"minecraft:enderman":1,"minecraft:drowned":1,"iceandfire:sea_serpent":2,"bonesupdate:knight_skeleton":1,"iceandfire:fire_dragon":4},"minecraft:picked_up":{"minecraft:birch_log":7,"minecraft:crafting_table":4,"iceandfire:sea_serpent_fang":4,"minecraft:black_bed":1,"minecraft:wooden_pickaxe":1,"minecraft:enchanted_book":1,"minecraft:oak_log":9,"minecraft:string":3,"minecraft:dirt":29,"iceandfire:sea_serpent_scales_teal":10,"minecraft:leather_boots":1,"minecraft:item_frame":2,"xp_jellies:jellyglob":1,"minecraft:experience_bottle":1,"minecraft:sea_pickle":1,"minecraft:kelp":8,"minecraft:wheat_seeds":4,"minecraft:gold_nugget":214,"minecraft:iron_ingot":4,"minecraft:oak_boat":1,"minecraft:spruce_slab":1,"minecraft:oak_planks":1,"minecraft:oak_slab":2,"minecraft:stick":4,"minecraft:raw_iron":10,"xp_jellies:jellycore":2,"iceandfire:shiny_scales":2,"minecraft:torch":5,"minecraft:gravel":4,"minecraft:jungle_planks":7,"minecraft:sand":2,"minecraft:leather_helmet":1,"minecraft:spruce_sapling":1,"minecraft:jungle_fence_gate":2,"tombstone:grave_dust":2,"minecraft:spruce_log":14,"minecraft:tnt":13,"minecraft:spider_eye":1,"minecraft:jungle_sign":4,"minecraft:bundle":1,"tombstone:familiar_stone":1,"minecraft:rotten_flesh":1,"minecraft:spruce_boat":1,"minecraft:hay_block":10,"minecraft:granite":26,"minecraft:emerald":1,"minecraft:gold_ingot":1,"minecraft:blackstone_stairs":2,"minecraft:coal":1,"minecraft:cobblestone":38},"minecraft:killed":{"minecraft:zombie_villager":1,"minecraft:spider":1,"minecraft:iron_golem":1,"minecraft:pillager":2,"minecraft:zombie":6,"iceandfire:sea_serpent":1,"xp_jellies:titanexperiencejellyfish":1},"minecraft:used":{"minecraft:blackstone_stairs":1,"minecraft:stone_pickaxe":69,"minecraft:shield":30,"minecraft:wooden_pickaxe":10,"minecraft:iron_sword":36,"minecraft:golden_apple":1,"minecraft:iron_chestplate":1,"minecraft:dirt":26,"minecraft:sand":2,"minecraft:crafting_table":5,"minecraft:black_bed":1,"minecraft:granite":4,"minecraft:spruce_boat":2,"minecraft:wooden_axe":16,"minecraft:jungle_fence_gate":1,"minecraft:bread":21,"minecraft:gravel":3,"minecraft:spruce_sapling":1,"minecraft:stone_axe":68,"minecraft:cobblestone":24,"minecraft:hay_block":2,"minecraft:furnace":1,"tombstone:gift":2,"minecraft:oak_boat":2,"minecraft:experience_bottle":1,"simplyswords:gold_chakram":38}},"DataVersion":3465}