{"stats":{"minecraft:dropped":{"minecraft:enchanted_book":1,"minecraft:oak_slab":2,"minecraft:wheat_seeds":5,"minecraft:granite":22,"minecraft:jungle_planks":7,"minecraft:blackstone_stairs":1,"minecraft:leather_helmet":2,"minecraft:item_frame":2,"minecraft:stick":9,"minecraft:torch":5,"minecraft:gold_nugget":2,"iceandfire:ash":2,"minecraft:gravel":1,"minecraft:stone_axe":1,"minecraft:kelp":8,"minecraft:jungle_fence_gate":1,"minecraft:iron_nugget":1,"minecraft:wheat":2,"minecraft:sea_pickle":2,"minecraft:leather_boots":2,"minecraft:spruce_slab":1,"minecraft:stone_pickaxe":1,"minecraft:wooden_pickaxe":2},"minecraft:custom":{"minecraft:mob_kills":15,"minecraft:interact_with_crafting_table":41,"minecraft:open_barrel":13,"minecraft:leave_game":2,"minecraft:time_since_death":14635,"minecraft:climb_one_cm":1908,"minecraft:sprint_one_cm":270618,"minecraft:walk_one_cm":130325,"minecraft:damage_blocked_by_shield":1880,"minecraft:drop":33,"minecraft:play_time":78850,"minecraft:deaths":13,"minecraft:walk_under_water_one_cm":42568,"minecraft:sneak_time":6779,"minecraft:boat_one_cm":139275,"tombstone:tomb_raiding":1,"minecraft:jump":1936,"minecraft:walk_on_water_one_cm":41419,"minecraft:total_world_time":78850,"minecraft:interact_with_furnace":33,"tombstone:raider_killed":2,"minecraft:time_since_rest":14512,"minecraft:damage_taken":4571,"minecraft:damage_absorbed":40,"minecraft:damage_dealt":5041,"minecraft:fly_one_cm":388281,"minecraft:swim_one_cm":166565,"minecraft:open_chest":11,"minecraft:crouch_one_cm":22605,"tombstone:undead_killed":7,"minecraft:fall_one_cm":38748},"minecraft:mined":{"minecraft:crying_obsidian":2,"minecraft:obsidian":3,"minecraft:granite":14,"minecraft:grass_block":7,"minecraft:spruce_leaves":5,"minecraft:spawner":2,"minecraft:hay_block":12,"minecraft:magma_block":1,"minecraft:iron_ore":10,"minecraft:gold_block":1,"iceandfire:gold_pile":13,"minecraft:packed_ice":4,"minecraft:stone":38,"minecraft:spruce_slab":1,"minecraft:oak_slab":1,"minecraft:crafting_table":4,"minecraft:cobblestone":2,"minecraft:birch_log":7,"minecraft:blue_ice":1,"minecraft:spruce_log":14,"minecraft:stone_brick_stairs":1,"minecraft:tnt":13,"minecraft:black_bed":1,"minecraft:grass":4,"minecraft:oak_log":10,"minecraft:coal_ore":1,"minecraft:sand":2,"minecraft:gravel":3,"minecraft:dirt":14,"minecraft:stone_bricks":1,"minecraft:netherrack":42,"minecraft:oak_leaves":5,"minecraft:fern":3,"minecraft:jungle_wall_sign":1},"minecraft:crafted":{"minecraft:oak_planks":36,"minecraft:iron_nugget":9,"minecraft:furnace":1,"minecraft:stone_pickaxe":1,"simplyswords:gold_chakram":2,"minecraft:spruce_boat":1,"minecraft:wheat":72,"minecraft:crafting_table":2,"minecraft:spruce_planks":56,"minecraft:wooden_pickaxe":1,"minecraft:iron_sword":1,"minecraft:birch_planks":28,"minecraft:stone_axe":1,"minecraft:bread":24,"minecraft:air":0,"minecraft:oak_boat":1,"minecraft:iron_chestplate":1,"minecraft:diamond_pickaxe":1,"minecraft:shield":1,"minecraft:stick":20,"minecraft:iron_ingot":8,"minecraft:wooden_axe":1,"minecraft:gold_ingot":24},"minecraft:killed_by":{"minecraft:spider":1,"minecraft:enderman":1,"minecraft:drowned":1,"bonesupdate:knight_skeleton":1,"iceandfire:sea_serpent":2,"minecraft:skeleton":2,"iceandfire:fire_dragon":4},"minecraft:picked_up":{"minecraft:crafting_table":4,"minecraft:wooden_pickaxe":1,"minecraft:gold_block":1,"minecraft:enchanted_book":1,"minecraft:stone_brick_stairs":1,"minecraft:string":3,"iceandfire:sea_serpent_scales_teal":10,"minecraft:item_frame":2,"minecraft:experience_bottle":1,"minecraft:sea_pickle":1,"minecraft:gold_nugget":214,"minecraft:oak_boat":2,"minecraft:spruce_slab":1,"minecraft:stick":4,"minecraft:raw_iron":10,"minecraft:torch":5,"minecraft:jungle_fence_gate":2,"tombstone:grave_dust":2,"minecraft:jungle_sign":4,"minecraft:tnt":13,"minecraft:rotten_flesh":1,"minecraft:hay_block":10,"minecraft:gold_ingot":1,"minecraft:obsidian":3,"minecraft:blackstone_stairs":2,"minecraft:cobblestone":38,"minecraft:birch_log":7,"iceandfire:sea_serpent_fang":4,"minecraft:black_bed":1,"minecraft:oak_log":9,"minecraft:dirt":29,"minecraft:leather_boots":1,"xp_jellies:jellyglob":1,"minecraft:kelp":8,"minecraft:wheat_seeds":4,"minecraft:iron_ingot":4,"minecraft:oak_planks":1,"minecraft:oak_slab":2,"xp_jellies:jellycore":2,"minecraft:gravel":4,"iceandfire:shiny_scales":2,"minecraft:sand":2,"minecraft:jungle_planks":7,"minecraft:spruce_sapling":1,"minecraft:crying_obsidian":2,"minecraft:spruce_log":14,"minecraft:spider_eye":1,"minecraft:leather_helmet":1,"minecraft:bundle":1,"tombstone:familiar_stone":1,"minecraft:spruce_boat":1,"minecraft:granite":26,"minecraft:emerald":1,"minecraft:netherrack":37,"minecraft:coal":1},"minecraft:killed":{"minecraft:spider":1,"xp_jellies:titanexperiencejellyfish":1,"minecraft:zombie_villager":1,"minecraft:iron_golem":1,"minecraft:pillager":2,"minecraft:zombie":6,"iceandfire:sea_serpent":1},"minecraft:used":{"minecraft:shield":30,"minecraft:iron_sword":41,"minecraft:iron_chestplate":1,"minecraft:dirt":26,"minecraft:granite":4,"minecraft:obsidian":3,"minecraft:spruce_boat":2,"minecraft:wooden_axe":16,"minecraft:jungle_fence_gate":1,"minecraft:stone_brick_stairs":1,"minecraft:hay_block":2,"minecraft:furnace":1,"tombstone:gift":2,"simplyswords:gold_chakram":38,"minecraft:stone_pickaxe":69,"minecraft:blackstone_stairs":1,"minecraft:wooden_pickaxe":10,"minecraft:golden_apple":1,"minecraft:sand":2,"minecraft:crafting_table":5,"minecraft:black_bed":1,"minecraft:diamond_pickaxe":57,"minecraft:bread":25,"minecraft:spruce_sapling":1,"minecraft:gravel":3,"minecraft:golden_helmet":1,"minecraft:stone_axe":68,"minecraft:cobblestone":24,"minecraft:oak_boat":2,"minecraft:experience_bottle":1}},"DataVersion":3465}