{"stats":{"minecraft:custom":{"minecraft:time_since_rest":3322,"minecraft:sprint_one_cm":36426,"minecraft:damage_taken":835,"minecraft:walk_one_cm":66888,"tombstone:sneak_grave":2,"minecraft:mob_kills":2,"minecraft:damage_dealt":486,"minecraft:swim_one_cm":8259,"minecraft:interact_with_crafting_table":1,"minecraft:fly_one_cm":51913,"minecraft:player_kills":1,"minecraft:open_chest":1,"minecraft:crouch_one_cm":738,"minecraft:play_time":13384,"tombstone:undead_killed":1,"minecraft:deaths":2,"minecraft:sneak_time":887,"minecraft:walk_under_water_one_cm":6015,"minecraft:boat_one_cm":20385,"minecraft:jump":297,"minecraft:leave_game":1,"minecraft:walk_on_water_one_cm":4883,"minecraft:time_since_death":4509,"minecraft:total_world_time":13384,"minecraft:climb_one_cm":0,"minecraft:fall_one_cm":6429},"minecraft:mined":{"minecraft:white_bed":5,"minecraft:iron_ore":2,"minecraft:spruce_log":9,"minecraft:birch_leaves":1,"minecraft:pumpkin":1,"minecraft:warped_fungus":7,"minecraft:brewing_stand":1,"minecraft:yellow_bed":5,"minecraft:crafting_table":1,"minecraft:grass":2,"minecraft:grass_block":8,"minecraft:coal_ore":21,"minecraft:vine":1,"minecraft:dirt":6,"minecraft:stone":9,"minecraft:sugar_cane":7,"minecraft:red_mushroom":1},"minecraft:crafted":{"minecraft:spruce_planks":36,"minecraft:spruce_boat":1},"minecraft:killed_by":{"minecraft:creeper":1},"minecraft:picked_up":{"minecraft:raw_iron":2,"minecraft:crafting_table":1,"minecraft:warped_fungus":7,"minecraft:pumpkin":1,"minecraft:red_mushroom":1,"minecraft:enchanted_book":1,"minecraft:brewing_stand":1,"minecraft:yellow_bed":5,"minecraft:white_bed":5,"minecraft:spruce_log":9,"minecraft:dirt":14,"minecraft:rotten_flesh":2,"minecraft:spruce_boat":1,"minecraft:sugar_cane":15,"minecraft:coal":21,"minecraft:cobblestone":9},"minecraft:killed":{"minecraft:zombie":1,"minecraft:spider":1},"minecraft:used":{"minecraft:spruce_boat":1,"minecraft:stone_pickaxe":32,"minecraft:wooden_pickaxe":1,"minecraft:rotten_flesh":3,"minecraft:stone_axe":18,"minecraft:dirt":16,"minecraft:crafting_table":1,"tombstone:gift":3,"minecraft:white_bed":1}},"DataVersion":3465}