{"stats":{"minecraft:dropped":{"minecraft:wheat_seeds":1,"minecraft:oak_log":6,"minecraft:feather":2,"minecraft:oak_fence":1,"minecraft:granite":1,"minecraft:dirt":1,"minecraft:torch":4,"tombstone:grave_key":5,"minecraft:wooden_sword":1,"iceandfire:ash":1,"minecraft:white_wool":1,"minecraft:rotten_flesh":1,"minecraft:white_bed":1,"minecraft:allium":11,"minecraft:beetroot_seeds":18,"minecraft:wooden_pickaxe":1,"minecraft:bell":3,"minecraft:calcite":3,"iceandfire:manuscript":5},"minecraft:custom":{"minecraft:mob_kills":22,"minecraft:interact_with_crafting_table":48,"minecraft:leave_game":1,"minecraft:time_since_death":7777,"minecraft:climb_one_cm":4608,"minecraft:sprint_one_cm":300320,"minecraft:walk_one_cm":346773,"minecraft:drop":29,"minecraft:play_time":70180,"minecraft:deaths":30,"minecraft:sneak_time":3591,"minecraft:walk_under_water_one_cm":13000,"minecraft:boat_one_cm":79065,"minecraft:jump":2394,"minecraft:walk_on_water_one_cm":14330,"minecraft:total_world_time":70180,"minecraft:sleep_in_bed":2,"minecraft:time_since_rest":0,"minecraft:damage_taken":2147483647,"tombstone:sneak_grave":2,"minecraft:trigger_trapped_chest":2,"minecraft:damage_dealt":5270,"minecraft:swim_one_cm":28137,"minecraft:fly_one_cm":589389,"minecraft:player_kills":1,"minecraft:open_chest":104,"minecraft:crouch_one_cm":9647,"tombstone:undead_killed":7,"minecraft:interact_with_smoker":1,"minecraft:fall_one_cm":58572},"minecraft:mined":{"minecraft:white_bed":14,"iceandfire:silver_ore":3,"minecraft:mossy_cobblestone":1,"minecraft:dark_oak_leaves":3,"minecraft:brewing_stand":1,"minecraft:granite":3,"minecraft:grass_block":9,"minecraft:infested_cobblestone":2,"iceandfire:chared_dirt":5,"farmersdelight:wild_cabbages":20,"minecraft:spruce_leaves":1,"minecraft:red_mushroom":1,"minecraft:rooted_dirt":1,"iceandfire:chared_grass":2,"minecraft:large_fern":1,"farmersdelight:wild_onions":8,"minecraft:iron_ore":2,"minecraft:fire":50,"minecraft:andesite":1,"iceandfire:chared_gravel":5,"minecraft:pumpkin":2,"iceandfire:gold_pile":1,"minecraft:vine":5,"minecraft:iron_bars":1,"minecraft:bamboo":1,"minecraft:stone":32,"iceandfire:chared_cobblestone":2,"minecraft:brown_mushroom":1,"minecraft:smoker":1,"xp_jellies:expbulb":2,"minecraft:crafting_table":7,"minecraft:torch":1,"minecraft:oak_wood":6,"minecraft:tall_grass":5,"minecraft:cobblestone":2,"minecraft:sugar_cane":16,"minecraft:wall_torch":2,"farmersdelight:wild_beetroots":17,"farmersdelight:sandy_shrub":11,"minecraft:coarse_dirt":1,"minecraft:spruce_log":28,"minecraft:birch_leaves":1,"iceandfire:ash":1,"minecraft:warped_fungus":8,"minecraft:yellow_bed":5,"minecraft:grass":29,"minecraft:oak_log":5,"minecraft:coal_ore":33,"minecraft:dirt":9,"minecraft:stone_bricks":2,"minecraft:oak_leaves":1,"minecraft:fern":3,"minecraft:infested_stone":1,"iceandfire:chared_stone":1},"minecraft:crafted":{"minecraft:wooden_sword":1,"minecraft:oak_planks":44,"minecraft:furnace":1,"minecraft:stone_pickaxe":2,"minecraft:spruce_boat":2,"minecraft:crafting_table":3,"minecraft:spruce_planks":108,"minecraft:wooden_pickaxe":2,"minecraft:stone_axe":2,"minecraft:oak_boat":1,"minecraft:stick":16,"minecraft:white_bed":1},"minecraft:killed_by":{"minecraft:creeper":1,"iceandfire:gorgon":1,"minecraft:skeleton":1,"iceandfire:ghost":1,"iceandfire:fire_dragon":23},"minecraft:picked_up":{"minecraft:crafting_table":7,"minecraft:coarse_dirt":1,"minecraft:allium":11,"minecraft:chicken":1,"minecraft:brown_mushroom":1,"minecraft:oak_stairs":4,"minecraft:enchanted_book":1,"tombstone:grave_key":2,"minecraft:brewing_stand":1,"minecraft:beetroot":1,"minecraft:gold_nugget":120,"farmersdelight:cabbage":3,"minecraft:beef":3,"minecraft:oak_boat":4,"minecraft:poppy":1,"minecraft:sugar_cane":29,"farmersdelight:cabbage_seeds":19,"minecraft:raw_iron":2,"minecraft:oak_fence":2,"minecraft:torch":14,"iceandfire:chared_grass":2,"minecraft:porkchop":10,"minecraft:rotten_flesh":2,"minecraft:beetroot_seeds":18,"farmersdelight:onion":8,"iceandfire:chared_dirt":4,"minecraft:glow_berries":6,"minecraft:mutton":7,"minecraft:iron_bars":1,"minecraft:white_wool":4,"minecraft:cobblestone":34,"minecraft:feather":2,"minecraft:andesite":1,"minecraft:leather":2,"minecraft:red_mushroom":1,"minecraft:smoker":1,"minecraft:oak_log":17,"minecraft:yellow_bed":5,"minecraft:dirt":18,"minecraft:stone_bricks":2,"minecraft:wheat_seeds":5,"minecraft:bell":3,"minecraft:bamboo":13,"minecraft:oak_planks":2,"iceandfire:chared_stone":1,"minecraft:warped_fungus":8,"minecraft:pumpkin":2,"iceandfire:ash":3,"minecraft:white_bed":14,"minecraft:spruce_log":27,"minecraft:mossy_cobblestone":1,"iceandfire:chared_cobblestone":2,"minecraft:oak_wood":6,"minecraft:spruce_boat":1,"minecraft:granite":3,"minecraft:rooted_dirt":1,"iceandfire:chared_gravel":5,"minecraft:coal":32,"iceandfire:raw_silver":3},"minecraft:killed":{"minecraft:spider":2,"bonesupdate:minion":1,"minecraft:chicken":1,"minecraft:silverfish":1,"minecraft:pig":4,"minecraft:sheep":4,"minecraft:zombie":4,"iceandfire:ghost":2,"minecraft:cow":3},"minecraft:used":{"minecraft:oak_fence":1,"minecraft:iron_bars":1,"minecraft:iron_sword":9,"minecraft:rotten_flesh":3,"minecraft:torch":4,"minecraft:dirt":18,"minecraft:oak_wood":1,"minecraft:granite":1,"minecraft:spruce_boat":1,"minecraft:rooted_dirt":1,"iceandfire:chared_stone":1,"tombstone:gift":3,"minecraft:cooked_mutton":2,"minecraft:stone_pickaxe":81,"minecraft:wooden_pickaxe":18,"iceandfire:chared_dirt":5,"minecraft:mossy_cobblestone":1,"minecraft:glow_berries":7,"minecraft:crafting_table":8,"minecraft:white_bed":10,"minecraft:bread":8,"iceandfire:ash":1,"iceandfire:chared_cobblestone":1,"minecraft:stone_axe":112,"iceandfire:chared_gravel":3,"minecraft:wooden_sword":14,"minecraft:andesite":1,"minecraft:oak_boat":4,"minecraft:coarse_dirt":1}},"DataVersion":3465}