{"stats":{"minecraft:dropped":{"minecraft:wheat_seeds":1,"minecraft:oak_log":6,"minecraft:oak_fence":1,"minecraft:rotten_flesh":1,"minecraft:white_bed":1,"minecraft:dirt":1,"minecraft:allium":8,"minecraft:torch":4,"tombstone:grave_key":4,"minecraft:beetroot_seeds":18,"minecraft:wooden_sword":1,"minecraft:bell":3,"iceandfire:manuscript":5},"minecraft:custom":{"minecraft:mob_kills":7,"minecraft:interact_with_crafting_table":15,"minecraft:leave_game":1,"minecraft:time_since_death":3799,"minecraft:climb_one_cm":3926,"minecraft:time_since_rest":3666,"minecraft:sprint_one_cm":143198,"minecraft:damage_taken":6260,"minecraft:walk_one_cm":211041,"tombstone:sneak_grave":2,"minecraft:trigger_trapped_chest":2,"minecraft:drop":21,"minecraft:damage_dealt":3790,"minecraft:swim_one_cm":23084,"minecraft:fly_one_cm":295955,"minecraft:player_kills":1,"minecraft:open_chest":14,"minecraft:crouch_one_cm":1473,"minecraft:play_time":37384,"tombstone:undead_killed":4,"minecraft:deaths":21,"minecraft:sneak_time":1572,"minecraft:walk_under_water_one_cm":12560,"minecraft:boat_one_cm":79065,"minecraft:jump":1190,"minecraft:walk_on_water_one_cm":10620,"minecraft:total_world_time":37384,"minecraft:fall_one_cm":27986},"minecraft:mined":{"minecraft:brown_mushroom":1,"minecraft:white_bed":8,"minecraft:dark_oak_leaves":3,"minecraft:brewing_stand":1,"minecraft:crafting_table":4,"minecraft:torch":1,"minecraft:oak_wood":6,"minecraft:grass_block":9,"minecraft:infested_cobblestone":2,"minecraft:tall_grass":3,"minecraft:cobblestone":2,"farmersdelight:wild_cabbages":20,"minecraft:sugar_cane":16,"minecraft:red_mushroom":1,"minecraft:rooted_dirt":1,"minecraft:wall_torch":2,"minecraft:large_fern":1,"farmersdelight:wild_beetroots":17,"farmersdelight:wild_onions":3,"farmersdelight:sandy_shrub":11,"minecraft:coarse_dirt":1,"minecraft:iron_ore":2,"minecraft:fire":28,"minecraft:spruce_log":9,"minecraft:andesite":1,"minecraft:birch_leaves":1,"minecraft:pumpkin":2,"minecraft:warped_fungus":8,"minecraft:yellow_bed":5,"minecraft:grass":25,"minecraft:coal_ore":25,"minecraft:oak_log":5,"minecraft:vine":4,"minecraft:iron_bars":1,"minecraft:dirt":9,"minecraft:bamboo":1,"minecraft:stone":14,"minecraft:oak_leaves":1,"minecraft:infested_stone":1,"minecraft:fern":2},"minecraft:crafted":{"minecraft:wooden_sword":1,"minecraft:oak_planks":44,"minecraft:crafting_table":2,"minecraft:spruce_planks":36,"minecraft:wooden_pickaxe":1,"minecraft:stone_axe":1,"minecraft:oak_boat":1,"minecraft:stick":8,"minecraft:stone_pickaxe":1,"minecraft:spruce_boat":1},"minecraft:killed_by":{"minecraft:skeleton":1,"minecraft:creeper":1,"iceandfire:ghost":1,"iceandfire:fire_dragon":17},"minecraft:picked_up":{"minecraft:coarse_dirt":1,"minecraft:crafting_table":4,"minecraft:allium":8,"minecraft:andesite":1,"minecraft:brown_mushroom":1,"minecraft:red_mushroom":1,"minecraft:oak_stairs":4,"minecraft:enchanted_book":1,"minecraft:oak_log":17,"tombstone:grave_key":2,"minecraft:brewing_stand":1,"minecraft:yellow_bed":5,"minecraft:dirt":18,"minecraft:beetroot":1,"minecraft:wheat_seeds":5,"minecraft:gold_nugget":46,"farmersdelight:cabbage":3,"minecraft:bell":3,"minecraft:oak_boat":4,"minecraft:poppy":1,"minecraft:bamboo":13,"minecraft:sugar_cane":29,"minecraft:oak_planks":2,"farmersdelight:cabbage_seeds":19,"minecraft:raw_iron":2,"minecraft:warped_fungus":8,"minecraft:pumpkin":2,"minecraft:oak_fence":2,"minecraft:torch":14,"minecraft:white_bed":8,"minecraft:spruce_log":9,"minecraft:oak_wood":6,"minecraft:rotten_flesh":2,"minecraft:beetroot_seeds":18,"minecraft:spruce_boat":1,"farmersdelight:onion":3,"minecraft:rooted_dirt":1,"minecraft:glow_berries":6,"minecraft:iron_bars":1,"minecraft:coal":25,"minecraft:cobblestone":16},"minecraft:killed":{"minecraft:spider":2,"minecraft:zombie":2,"iceandfire:ghost":2,"minecraft:silverfish":1},"minecraft:used":{"minecraft:oak_fence":1,"minecraft:iron_bars":1,"minecraft:stone_pickaxe":52,"minecraft:wooden_pickaxe":5,"minecraft:rotten_flesh":3,"minecraft:torch":4,"minecraft:glow_berries":7,"minecraft:dirt":18,"minecraft:crafting_table":5,"minecraft:white_bed":3,"minecraft:oak_wood":1,"minecraft:spruce_boat":1,"minecraft:rooted_dirt":1,"minecraft:bread":8,"minecraft:stone_axe":76,"minecraft:wooden_sword":14,"minecraft:andesite":1,"tombstone:gift":3,"minecraft:oak_boat":4,"minecraft:coarse_dirt":1}},"DataVersion":3465}