{"stats":{"minecraft:dropped":{"minecraft:wheat_seeds":1,"minecraft:oak_log":6,"minecraft:oak_fence":1,"minecraft:granite":1,"minecraft:dirt":1,"minecraft:torch":4,"tombstone:grave_key":5,"minecraft:wooden_sword":1,"iceandfire:ash":1,"minecraft:white_wool":1,"minecraft:rotten_flesh":1,"minecraft:white_bed":1,"minecraft:allium":8,"minecraft:beetroot_seeds":18,"minecraft:bell":3,"iceandfire:manuscript":5},"minecraft:custom":{"minecraft:mob_kills":20,"minecraft:interact_with_crafting_table":48,"minecraft:leave_game":1,"minecraft:time_since_death":802,"minecraft:climb_one_cm":4559,"minecraft:sprint_one_cm":211601,"minecraft:walk_one_cm":273864,"minecraft:drop":25,"minecraft:play_time":55384,"minecraft:deaths":24,"minecraft:sneak_time":3106,"minecraft:walk_under_water_one_cm":12742,"minecraft:boat_one_cm":79065,"minecraft:jump":1696,"minecraft:walk_on_water_one_cm":13251,"minecraft:total_world_time":55384,"minecraft:time_since_rest":494,"minecraft:damage_taken":2147483647,"tombstone:sneak_grave":2,"minecraft:trigger_trapped_chest":2,"minecraft:damage_dealt":4870,"minecraft:swim_one_cm":24398,"minecraft:fly_one_cm":392826,"minecraft:player_kills":1,"minecraft:open_chest":24,"minecraft:crouch_one_cm":7640,"tombstone:undead_killed":5,"minecraft:interact_with_smoker":1,"minecraft:fall_one_cm":38349},"minecraft:mined":{"minecraft:white_bed":8,"iceandfire:silver_ore":3,"minecraft:dark_oak_leaves":3,"minecraft:brewing_stand":1,"minecraft:granite":3,"minecraft:grass_block":9,"minecraft:infested_cobblestone":2,"iceandfire:chared_dirt":5,"farmersdelight:wild_cabbages":20,"minecraft:spruce_leaves":1,"minecraft:red_mushroom":1,"minecraft:rooted_dirt":1,"iceandfire:chared_grass":2,"minecraft:large_fern":1,"farmersdelight:wild_onions":3,"minecraft:iron_ore":2,"minecraft:fire":29,"minecraft:andesite":1,"iceandfire:chared_gravel":5,"minecraft:pumpkin":2,"minecraft:vine":5,"minecraft:iron_bars":1,"minecraft:bamboo":1,"minecraft:stone":32,"iceandfire:chared_cobblestone":2,"minecraft:brown_mushroom":1,"minecraft:smoker":1,"xp_jellies:expbulb":1,"minecraft:crafting_table":7,"minecraft:torch":1,"minecraft:oak_wood":6,"minecraft:tall_grass":3,"minecraft:cobblestone":2,"minecraft:sugar_cane":16,"minecraft:wall_torch":2,"farmersdelight:wild_beetroots":17,"farmersdelight:sandy_shrub":11,"minecraft:coarse_dirt":1,"minecraft:spruce_log":28,"minecraft:birch_leaves":1,"minecraft:warped_fungus":8,"minecraft:yellow_bed":5,"minecraft:grass":25,"minecraft:oak_log":5,"minecraft:coal_ore":33,"minecraft:dirt":9,"minecraft:stone_bricks":2,"minecraft:oak_leaves":1,"minecraft:fern":3,"minecraft:infested_stone":1,"iceandfire:chared_stone":1},"minecraft:crafted":{"minecraft:wooden_sword":1,"minecraft:oak_planks":44,"minecraft:furnace":1,"minecraft:stone_pickaxe":2,"minecraft:spruce_boat":2,"minecraft:crafting_table":3,"minecraft:spruce_planks":108,"minecraft:wooden_pickaxe":2,"minecraft:stone_axe":2,"minecraft:oak_boat":1,"minecraft:stick":16,"minecraft:white_bed":1},"minecraft:killed_by":{"minecraft:creeper":1,"iceandfire:gorgon":1,"minecraft:skeleton":1,"iceandfire:ghost":1,"iceandfire:fire_dragon":19},"minecraft:picked_up":{"minecraft:crafting_table":7,"minecraft:coarse_dirt":1,"minecraft:allium":8,"minecraft:chicken":1,"minecraft:brown_mushroom":1,"minecraft:oak_stairs":4,"minecraft:enchanted_book":1,"tombstone:grave_key":2,"minecraft:brewing_stand":1,"minecraft:beetroot":1,"minecraft:gold_nugget":46,"farmersdelight:cabbage":3,"minecraft:beef":3,"minecraft:oak_boat":4,"minecraft:poppy":1,"minecraft:sugar_cane":29,"farmersdelight:cabbage_seeds":19,"minecraft:raw_iron":2,"minecraft:oak_fence":2,"minecraft:torch":14,"iceandfire:chared_grass":2,"minecraft:porkchop":10,"minecraft:rotten_flesh":2,"minecraft:beetroot_seeds":18,"farmersdelight:onion":3,"iceandfire:chared_dirt":4,"minecraft:glow_berries":6,"minecraft:mutton":7,"minecraft:iron_bars":1,"minecraft:white_wool":4,"minecraft:cobblestone":34,"minecraft:feather":2,"minecraft:andesite":1,"minecraft:leather":2,"minecraft:red_mushroom":1,"minecraft:smoker":1,"minecraft:oak_log":17,"minecraft:yellow_bed":5,"minecraft:dirt":18,"minecraft:stone_bricks":2,"minecraft:wheat_seeds":5,"minecraft:bell":3,"minecraft:bamboo":13,"minecraft:oak_planks":2,"iceandfire:chared_stone":1,"minecraft:warped_fungus":8,"minecraft:pumpkin":2,"iceandfire:ash":1,"minecraft:white_bed":8,"minecraft:spruce_log":27,"iceandfire:chared_cobblestone":2,"minecraft:oak_wood":6,"minecraft:spruce_boat":1,"minecraft:granite":3,"minecraft:rooted_dirt":1,"iceandfire:chared_gravel":5,"minecraft:coal":32,"iceandfire:raw_silver":3},"minecraft:killed":{"minecraft:spider":2,"bonesupdate:minion":1,"minecraft:chicken":1,"minecraft:silverfish":1,"minecraft:pig":4,"minecraft:sheep":4,"minecraft:zombie":2,"iceandfire:ghost":2,"minecraft:cow":3},"minecraft:used":{"minecraft:oak_fence":1,"minecraft:iron_bars":1,"minecraft:rotten_flesh":3,"minecraft:torch":4,"minecraft:dirt":18,"minecraft:oak_wood":1,"minecraft:granite":1,"minecraft:spruce_boat":1,"minecraft:rooted_dirt":1,"iceandfire:chared_stone":1,"tombstone:gift":3,"minecraft:stone_pickaxe":80,"minecraft:wooden_pickaxe":18,"iceandfire:chared_dirt":4,"minecraft:glow_berries":7,"minecraft:crafting_table":8,"minecraft:white_bed":4,"minecraft:bread":8,"iceandfire:chared_cobblestone":1,"minecraft:stone_axe":112,"minecraft:wooden_sword":14,"minecraft:andesite":1,"minecraft:oak_boat":4,"minecraft:coarse_dirt":1}},"DataVersion":3465}