{"stats":{"minecraft:dropped":{"minecraft:wheat_seeds":1,"minecraft:oak_log":6,"minecraft:oak_fence":1,"minecraft:white_bed":1,"minecraft:dirt":1,"minecraft:torch":4,"tombstone:grave_key":4,"minecraft:wooden_sword":1,"minecraft:bell":3,"iceandfire:manuscript":5},"minecraft:custom":{"minecraft:mob_kills":3,"minecraft:interact_with_crafting_table":5,"minecraft:leave_game":1,"minecraft:time_since_death":2623,"minecraft:climb_one_cm":0,"minecraft:time_since_rest":2522,"minecraft:sprint_one_cm":103339,"minecraft:damage_taken":5705,"minecraft:walk_one_cm":135020,"tombstone:sneak_grave":2,"minecraft:drop":17,"minecraft:damage_dealt":3039,"minecraft:swim_one_cm":18455,"minecraft:fly_one_cm":231281,"minecraft:player_kills":1,"minecraft:open_chest":14,"minecraft:crouch_one_cm":1070,"minecraft:play_time":25384,"tombstone:undead_killed":1,"minecraft:deaths":20,"minecraft:sneak_time":970,"minecraft:walk_under_water_one_cm":7386,"minecraft:boat_one_cm":25065,"minecraft:jump":822,"minecraft:walk_on_water_one_cm":5876,"minecraft:total_world_time":25384,"minecraft:fall_one_cm":21410},"minecraft:mined":{"minecraft:white_bed":6,"minecraft:brewing_stand":1,"minecraft:crafting_table":2,"minecraft:grass_block":8,"farmersdelight:wild_cabbages":20,"minecraft:sugar_cane":7,"minecraft:red_mushroom":1,"farmersdelight:sandy_shrub":6,"minecraft:iron_ore":2,"minecraft:fire":28,"minecraft:spruce_log":9,"minecraft:birch_leaves":1,"minecraft:pumpkin":1,"minecraft:warped_fungus":8,"minecraft:yellow_bed":5,"minecraft:grass":21,"minecraft:coal_ore":21,"minecraft:oak_log":5,"minecraft:vine":1,"minecraft:dirt":7,"minecraft:stone":9,"minecraft:oak_leaves":1},"minecraft:crafted":{"minecraft:wooden_sword":1,"minecraft:oak_planks":24,"minecraft:crafting_table":2,"minecraft:spruce_planks":36,"minecraft:wooden_pickaxe":1,"minecraft:oak_boat":1,"minecraft:stick":4,"minecraft:spruce_boat":1},"minecraft:killed_by":{"minecraft:skeleton":1,"minecraft:creeper":1,"iceandfire:fire_dragon":17},"minecraft:picked_up":{"minecraft:crafting_table":2,"minecraft:red_mushroom":1,"minecraft:oak_stairs":4,"minecraft:enchanted_book":1,"minecraft:oak_log":17,"tombstone:grave_key":2,"minecraft:brewing_stand":1,"minecraft:yellow_bed":5,"minecraft:dirt":17,"minecraft:wheat_seeds":1,"minecraft:gold_nugget":46,"farmersdelight:cabbage":3,"minecraft:bell":3,"minecraft:oak_boat":2,"minecraft:poppy":1,"minecraft:sugar_cane":15,"minecraft:oak_planks":2,"farmersdelight:cabbage_seeds":19,"minecraft:raw_iron":2,"minecraft:warped_fungus":8,"minecraft:pumpkin":1,"minecraft:oak_fence":2,"minecraft:torch":11,"minecraft:white_bed":6,"minecraft:spruce_log":9,"minecraft:rotten_flesh":2,"minecraft:spruce_boat":1,"minecraft:coal":21,"minecraft:cobblestone":9},"minecraft:killed":{"minecraft:spider":2,"minecraft:zombie":1},"minecraft:used":{"minecraft:oak_fence":1,"minecraft:stone_pickaxe":32,"minecraft:wooden_pickaxe":1,"minecraft:rotten_flesh":3,"minecraft:dirt":16,"minecraft:crafting_table":3,"minecraft:white_bed":1,"minecraft:spruce_boat":1,"minecraft:bread":2,"minecraft:stone_axe":62,"minecraft:wooden_sword":14,"tombstone:gift":3,"minecraft:oak_boat":2}},"DataVersion":3465}