{"stats":{"minecraft:custom":{"minecraft:time_since_rest":5780,"minecraft:sprint_one_cm":14267,"minecraft:damage_taken":585,"minecraft:walk_one_cm":22269,"tombstone:sneak_grave":2,"minecraft:mob_kills":2,"minecraft:damage_dealt":486,"minecraft:swim_one_cm":8259,"minecraft:interact_with_crafting_table":1,"minecraft:fly_one_cm":16871,"minecraft:player_kills":1,"minecraft:crouch_one_cm":581,"minecraft:play_time":7384,"tombstone:undead_killed":1,"minecraft:deaths":1,"minecraft:sneak_time":768,"minecraft:walk_under_water_one_cm":4702,"minecraft:boat_one_cm":20385,"minecraft:jump":95,"minecraft:leave_game":1,"minecraft:walk_on_water_one_cm":2977,"minecraft:time_since_death":6101,"minecraft:total_world_time":7384,"minecraft:climb_one_cm":0,"minecraft:fall_one_cm":1848},"minecraft:mined":{"minecraft:spruce_log":9,"minecraft:pumpkin":1,"minecraft:crafting_table":1,"minecraft:grass_block":1,"minecraft:coal_ore":21,"minecraft:vine":1,"minecraft:stone":2,"minecraft:sugar_cane":2,"minecraft:red_mushroom":1},"minecraft:crafted":{"minecraft:spruce_planks":36,"minecraft:spruce_boat":1},"minecraft:killed_by":{"minecraft:creeper":1},"minecraft:picked_up":{"minecraft:crafting_table":1,"minecraft:pumpkin":1,"minecraft:red_mushroom":1,"minecraft:enchanted_book":1,"minecraft:spruce_log":9,"minecraft:dirt":1,"minecraft:rotten_flesh":2,"minecraft:spruce_boat":1,"minecraft:sugar_cane":2,"minecraft:coal":21,"minecraft:cobblestone":2},"minecraft:killed":{"minecraft:zombie":1,"minecraft:spider":1},"minecraft:used":{"minecraft:spruce_boat":1,"minecraft:stone_pickaxe":23,"minecraft:rotten_flesh":3,"minecraft:stone_axe":18,"minecraft:dirt":2,"minecraft:crafting_table":1,"tombstone:gift":2}},"DataVersion":3465}