{"stats":{"minecraft:dropped":{"minecraft:wheat_seeds":1,"minecraft:oak_log":6,"minecraft:oak_fence":1,"minecraft:rotten_flesh":1,"minecraft:granite":1,"minecraft:white_bed":1,"minecraft:dirt":1,"minecraft:allium":8,"minecraft:torch":4,"tombstone:grave_key":5,"minecraft:beetroot_seeds":18,"minecraft:wooden_sword":1,"minecraft:bell":3,"minecraft:white_wool":1,"iceandfire:manuscript":5},"minecraft:custom":{"minecraft:mob_kills":19,"minecraft:interact_with_crafting_table":46,"minecraft:leave_game":1,"minecraft:time_since_death":2125,"minecraft:climb_one_cm":4106,"minecraft:time_since_rest":1,"minecraft:sprint_one_cm":189052,"minecraft:damage_taken":2147483647,"minecraft:walk_one_cm":261859,"tombstone:sneak_grave":2,"minecraft:trigger_trapped_chest":2,"minecraft:drop":24,"minecraft:damage_dealt":4850,"minecraft:swim_one_cm":24398,"minecraft:fly_one_cm":337190,"minecraft:player_kills":1,"minecraft:open_chest":14,"minecraft:crouch_one_cm":3218,"minecraft:play_time":49384,"tombstone:undead_killed":4,"minecraft:deaths":23,"minecraft:sneak_time":1913,"minecraft:walk_under_water_one_cm":12742,"minecraft:boat_one_cm":79065,"minecraft:jump":1496,"minecraft:walk_on_water_one_cm":12594,"minecraft:total_world_time":49384,"minecraft:fall_one_cm":32242},"minecraft:mined":{"iceandfire:silver_ore":1,"minecraft:brown_mushroom":1,"minecraft:white_bed":8,"minecraft:dark_oak_leaves":3,"minecraft:brewing_stand":1,"minecraft:crafting_table":5,"minecraft:torch":1,"minecraft:granite":1,"minecraft:oak_wood":6,"minecraft:grass_block":9,"minecraft:infested_cobblestone":2,"minecraft:spruce_leaves":1,"minecraft:tall_grass":3,"minecraft:cobblestone":2,"farmersdelight:wild_cabbages":20,"minecraft:sugar_cane":16,"minecraft:red_mushroom":1,"minecraft:rooted_dirt":1,"minecraft:wall_torch":2,"minecraft:large_fern":1,"farmersdelight:wild_beetroots":17,"farmersdelight:wild_onions":3,"farmersdelight:sandy_shrub":11,"minecraft:coarse_dirt":1,"minecraft:iron_ore":2,"minecraft:fire":28,"minecraft:spruce_log":28,"minecraft:andesite":1,"minecraft:birch_leaves":1,"minecraft:pumpkin":2,"minecraft:warped_fungus":8,"minecraft:yellow_bed":5,"minecraft:grass":25,"minecraft:coal_ore":33,"minecraft:oak_log":5,"minecraft:vine":4,"minecraft:iron_bars":1,"minecraft:dirt":9,"minecraft:bamboo":1,"minecraft:stone_bricks":2,"minecraft:stone":30,"minecraft:oak_leaves":1,"minecraft:infested_stone":1,"minecraft:fern":3},"minecraft:crafted":{"minecraft:wooden_sword":1,"minecraft:oak_planks":44,"minecraft:crafting_table":3,"minecraft:spruce_planks":108,"minecraft:wooden_pickaxe":2,"minecraft:furnace":1,"minecraft:stone_axe":2,"minecraft:oak_boat":1,"minecraft:stick":16,"minecraft:stone_pickaxe":2,"minecraft:spruce_boat":2},"minecraft:killed_by":{"iceandfire:gorgon":1,"minecraft:skeleton":1,"minecraft:creeper":1,"iceandfire:ghost":1,"iceandfire:fire_dragon":18},"minecraft:picked_up":{"minecraft:coarse_dirt":1,"minecraft:crafting_table":5,"minecraft:allium":8,"minecraft:feather":2,"minecraft:chicken":1,"minecraft:andesite":1,"minecraft:leather":2,"minecraft:brown_mushroom":1,"minecraft:red_mushroom":1,"minecraft:oak_stairs":4,"minecraft:enchanted_book":1,"minecraft:oak_log":17,"tombstone:grave_key":2,"minecraft:brewing_stand":1,"minecraft:yellow_bed":5,"minecraft:dirt":18,"minecraft:beetroot":1,"minecraft:stone_bricks":2,"minecraft:wheat_seeds":5,"minecraft:gold_nugget":46,"farmersdelight:cabbage":3,"minecraft:bell":3,"minecraft:beef":3,"minecraft:oak_boat":4,"minecraft:poppy":1,"minecraft:bamboo":13,"minecraft:sugar_cane":29,"minecraft:oak_planks":2,"farmersdelight:cabbage_seeds":19,"minecraft:raw_iron":2,"minecraft:warped_fungus":8,"minecraft:pumpkin":2,"minecraft:oak_fence":2,"minecraft:torch":14,"minecraft:porkchop":10,"minecraft:white_bed":8,"minecraft:spruce_log":27,"minecraft:oak_wood":6,"minecraft:rotten_flesh":2,"minecraft:beetroot_seeds":18,"minecraft:spruce_boat":1,"farmersdelight:onion":3,"minecraft:granite":1,"iceandfire:raw_silver":1,"minecraft:rooted_dirt":1,"minecraft:mutton":7,"minecraft:glow_berries":6,"minecraft:iron_bars":1,"minecraft:coal":32,"minecraft:white_wool":4,"minecraft:cobblestone":32},"minecraft:killed":{"minecraft:pig":4,"minecraft:spider":2,"minecraft:sheep":4,"minecraft:zombie":2,"iceandfire:ghost":2,"minecraft:chicken":1,"minecraft:silverfish":1,"minecraft:cow":3},"minecraft:used":{"minecraft:oak_fence":1,"minecraft:iron_bars":1,"minecraft:stone_pickaxe":68,"minecraft:wooden_pickaxe":18,"minecraft:rotten_flesh":3,"minecraft:torch":4,"minecraft:glow_berries":7,"minecraft:dirt":18,"minecraft:crafting_table":7,"minecraft:white_bed":3,"minecraft:oak_wood":1,"minecraft:spruce_boat":1,"minecraft:rooted_dirt":1,"minecraft:bread":8,"minecraft:stone_axe":108,"minecraft:wooden_sword":14,"minecraft:andesite":1,"tombstone:gift":3,"minecraft:oak_boat":4,"minecraft:coarse_dirt":1}},"DataVersion":3465}