{"stats":{"minecraft:dropped":{"minecraft:wheat_seeds":1,"minecraft:oak_log":6,"minecraft:oak_fence":1,"minecraft:white_bed":1,"minecraft:dirt":1,"minecraft:allium":8,"minecraft:torch":4,"tombstone:grave_key":4,"minecraft:beetroot_seeds":18,"minecraft:wooden_sword":1,"minecraft:bell":3,"iceandfire:manuscript":5},"minecraft:custom":{"minecraft:mob_kills":3,"minecraft:interact_with_crafting_table":10,"minecraft:leave_game":1,"minecraft:time_since_death":8623,"minecraft:climb_one_cm":0,"minecraft:time_since_rest":8522,"minecraft:sprint_one_cm":120785,"minecraft:damage_taken":5780,"minecraft:walk_one_cm":152630,"tombstone:sneak_grave":2,"minecraft:drop":20,"minecraft:damage_dealt":3039,"minecraft:swim_one_cm":23084,"minecraft:fly_one_cm":256365,"minecraft:player_kills":1,"minecraft:open_chest":14,"minecraft:crouch_one_cm":1070,"minecraft:play_time":31384,"tombstone:undead_killed":1,"minecraft:deaths":20,"minecraft:sneak_time":1262,"minecraft:walk_under_water_one_cm":12384,"minecraft:boat_one_cm":79065,"minecraft:jump":939,"minecraft:walk_on_water_one_cm":9904,"minecraft:total_world_time":31384,"minecraft:fall_one_cm":23560},"minecraft:mined":{"minecraft:brown_mushroom":1,"minecraft:white_bed":6,"minecraft:brewing_stand":1,"minecraft:crafting_table":3,"minecraft:grass_block":9,"farmersdelight:wild_cabbages":20,"minecraft:sugar_cane":16,"minecraft:red_mushroom":1,"farmersdelight:wild_beetroots":17,"farmersdelight:wild_onions":3,"farmersdelight:sandy_shrub":11,"minecraft:iron_ore":2,"minecraft:fire":28,"minecraft:spruce_log":9,"minecraft:andesite":1,"minecraft:birch_leaves":1,"minecraft:pumpkin":1,"minecraft:warped_fungus":8,"minecraft:yellow_bed":5,"minecraft:grass":22,"minecraft:coal_ore":21,"minecraft:oak_log":5,"minecraft:vine":1,"minecraft:dirt":7,"minecraft:bamboo":1,"minecraft:stone":13,"minecraft:oak_leaves":1},"minecraft:crafted":{"minecraft:wooden_sword":1,"minecraft:oak_planks":24,"minecraft:crafting_table":2,"minecraft:spruce_planks":36,"minecraft:wooden_pickaxe":1,"minecraft:oak_boat":1,"minecraft:stick":8,"minecraft:stone_pickaxe":1,"minecraft:spruce_boat":1},"minecraft:killed_by":{"minecraft:skeleton":1,"minecraft:creeper":1,"iceandfire:fire_dragon":17},"minecraft:picked_up":{"minecraft:crafting_table":3,"minecraft:allium":8,"minecraft:andesite":1,"minecraft:brown_mushroom":1,"minecraft:red_mushroom":1,"minecraft:oak_stairs":4,"minecraft:enchanted_book":1,"minecraft:oak_log":17,"tombstone:grave_key":2,"minecraft:brewing_stand":1,"minecraft:yellow_bed":5,"minecraft:dirt":17,"minecraft:beetroot":1,"minecraft:wheat_seeds":2,"minecraft:gold_nugget":46,"farmersdelight:cabbage":3,"minecraft:bell":3,"minecraft:oak_boat":4,"minecraft:poppy":1,"minecraft:bamboo":13,"minecraft:sugar_cane":29,"minecraft:oak_planks":2,"farmersdelight:cabbage_seeds":19,"minecraft:raw_iron":2,"minecraft:warped_fungus":8,"minecraft:pumpkin":1,"minecraft:oak_fence":2,"minecraft:torch":11,"minecraft:white_bed":6,"minecraft:spruce_log":9,"minecraft:rotten_flesh":2,"minecraft:beetroot_seeds":18,"minecraft:spruce_boat":1,"farmersdelight:onion":3,"minecraft:coal":21,"minecraft:cobblestone":13},"minecraft:killed":{"minecraft:spider":2,"minecraft:zombie":1},"minecraft:used":{"minecraft:oak_fence":1,"minecraft:stone_pickaxe":34,"minecraft:wooden_pickaxe":5,"minecraft:rotten_flesh":3,"minecraft:dirt":16,"minecraft:crafting_table":4,"minecraft:white_bed":1,"minecraft:spruce_boat":1,"minecraft:bread":7,"minecraft:stone_axe":62,"minecraft:wooden_sword":14,"minecraft:andesite":1,"tombstone:gift":3,"minecraft:oak_boat":4}},"DataVersion":3465}