{"stats":{"minecraft:picked_up":{"minecraft:crafting_table":1,"minecraft:rotten_flesh":1,"minecraft:spruce_log":6,"minecraft:dirt":3,"minecraft:cobblestone":6},"minecraft:mined":{"minecraft:grass_block":1,"minecraft:dirt":2,"minecraft:spruce_log":7,"minecraft:stone":6,"minecraft:crafting_table":1},"minecraft:killed_by":{"minecraft:zombie":1,"minecraft:drowned":1},"minecraft:custom":{"minecraft:time_since_rest":1,"tombstone:undead_killed":1,"minecraft:crouch_one_cm":391,"minecraft:play_time":5079,"minecraft:sprint_one_cm":14064,"minecraft:deaths":2,"minecraft:damage_taken":495,"minecraft:walk_one_cm":13139,"minecraft:sneak_time":354,"minecraft:walk_under_water_one_cm":1160,"minecraft:mob_kills":1,"minecraft:jump":114,"minecraft:damage_dealt":500,"minecraft:walk_on_water_one_cm":766,"minecraft:time_since_death":362,"minecraft:total_world_time":5079,"minecraft:swim_one_cm":5710,"minecraft:player_kills":1,"minecraft:interact_with_crafting_table":2,"minecraft:fall_one_cm":3319,"minecraft:fly_one_cm":25778},"minecraft:killed":{"minecraft:zombie":1},"minecraft:used":{"minecraft:stone_axe":8,"minecraft:dirt":1,"minecraft:crafting_table":1,"tombstone:gift":1,"minecraft:wooden_pickaxe":6},"minecraft:crafted":{"minecraft:crafting_table":1,"minecraft:stone_axe":1,"minecraft:spruce_planks":24,"minecraft:stick":8,"minecraft:stone_pickaxe":1,"minecraft:wooden_pickaxe":1}},"DataVersion":3465}