{"stats":{"minecraft:dropped":{"minecraft:enchanted_book":1,"minecraft:wooden_pickaxe":1},"minecraft:custom":{"minecraft:time_since_rest":1,"minecraft:interact_with_furnace":6,"minecraft:sprint_one_cm":64283,"minecraft:damage_taken":1545,"minecraft:walk_one_cm":44458,"minecraft:mob_kills":7,"minecraft:drop":2,"minecraft:damage_dealt":1022,"minecraft:swim_one_cm":27982,"minecraft:interact_with_crafting_table":8,"minecraft:fly_one_cm":80211,"minecraft:open_chest":1,"minecraft:crouch_one_cm":2948,"minecraft:play_time":16391,"minecraft:deaths":5,"minecraft:sneak_time":1354,"minecraft:walk_under_water_one_cm":9170,"minecraft:jump":339,"minecraft:leave_game":3,"minecraft:walk_on_water_one_cm":5249,"minecraft:time_since_death":885,"minecraft:climb_one_cm":399,"minecraft:total_world_time":16391,"minecraft:fall_one_cm":6816},"minecraft:mined":{"minecraft:spruce_log":11,"minecraft:pumpkin":6,"minecraft:grass_block":3,"minecraft:coal_ore":16,"minecraft:dirt":9,"minecraft:spruce_leaves":3,"minecraft:stone":23,"minecraft:moss_block":1,"create:crimsite":1,"minecraft:fern":1},"minecraft:crafted":{"minecraft:crafting_table":2,"minecraft:spruce_planks":36,"minecraft:stick":8,"minecraft:wooden_pickaxe":1,"minecraft:stone_pickaxe":1,"minecraft:stone_sword":1,"minecraft:furnace":1,"minecraft:cooked_salmon":1,"minecraft:cooked_mutton":3,"minecraft:air":0},"minecraft:killed_by":{"minecraft:player":1,"bonesupdate:knight_skeleton":1,"minecraft:skeleton":2,"minecraft:spider":1},"minecraft:picked_up":{"minecraft:pumpkin":6,"minecraft:salmon":1,"minecraft:sand":3,"minecraft:spruce_log":9,"minecraft:dirt":12,"create:crimsite":1,"minecraft:moss_block":1,"minecraft:mutton":12,"minecraft:coal":15,"minecraft:white_wool":7,"minecraft:cobblestone":21},"minecraft:killed":{"minecraft:sheep":6,"minecraft:salmon":1},"minecraft:used":{"minecraft:moss_block":1,"minecraft:cooked_mutton":1,"minecraft:stone_sword":14,"minecraft:stone_pickaxe":32,"create:crimsite":1,"minecraft:wooden_pickaxe":34,"minecraft:cooked_salmon":1,"minecraft:dirt":2,"minecraft:sand":3,"minecraft:crafting_table":2,"minecraft:furnace":1,"tombstone:gift":1}},"DataVersion":3465}