{"stats":{"minecraft:dropped":{"minecraft:enchanted_book":1,"iceandfire:raw_silver":1,"minecraft:glow_berries":1,"minecraft:oak_planks":1,"iceandfire:ectoplasm":1,"minecraft:gunpowder":10,"tombstone:grave_dust":2,"minecraft:gold_nugget":6,"minecraft:wooden_pickaxe":1,"iceandfire:manuscript":6,"minecraft:spruce_sapling":1},"minecraft:custom":{"minecraft:interact_with_furnace":8,"minecraft:mob_kills":15,"minecraft:interact_with_crafting_table":11,"minecraft:open_barrel":5,"minecraft:leave_game":3,"minecraft:time_since_death":9350,"minecraft:sleep_in_bed":1,"minecraft:climb_one_cm":487,"minecraft:time_since_rest":9166,"minecraft:waystone_activated":3,"minecraft:sprint_one_cm":170991,"minecraft:damage_taken":2540,"minecraft:walk_one_cm":117005,"minecraft:trigger_trapped_chest":3,"minecraft:drop":11,"minecraft:damage_dealt":2984,"minecraft:swim_one_cm":55646,"minecraft:fly_one_cm":311815,"minecraft:open_chest":15,"minecraft:crouch_one_cm":4853,"minecraft:play_time":34391,"tombstone:undead_killed":3,"minecraft:deaths":8,"minecraft:sneak_time":1646,"minecraft:walk_under_water_one_cm":13191,"minecraft:jump":1117,"minecraft:walk_on_water_one_cm":16205,"minecraft:total_world_time":34391,"minecraft:fall_one_cm":24336},"minecraft:mined":{"minecraft:white_bed":2,"iceandfire:silver_ore":2,"minecraft:dark_oak_leaves":2,"minecraft:crafting_table":2,"minecraft:grass_block":3,"iceandfire:ghost_chest":1,"minecraft:tall_grass":1,"minecraft:spruce_leaves":6,"minecraft:moss_block":1,"minecraft:spawner":2,"minecraft:hay_block":11,"minecraft:furnace":1,"minecraft:spruce_log":11,"minecraft:pumpkin":6,"minecraft:grass":1,"minecraft:coal_ore":16,"minecraft:vine":1,"minecraft:dirt":9,"minecraft:cracked_stone_bricks":1,"minecraft:stone_bricks":1,"minecraft:stone":23,"create:crimsite":1,"minecraft:fern":1},"minecraft:crafted":{"minecraft:oak_planks":4,"minecraft:crafting_table":3,"minecraft:spruce_planks":36,"minecraft:wooden_pickaxe":1,"minecraft:furnace":1,"minecraft:cooked_salmon":1,"minecraft:cooked_mutton":7,"minecraft:air":0,"minecraft:diamond_pickaxe":1,"minecraft:shield":1,"minecraft:stick":12,"minecraft:stone_pickaxe":1,"minecraft:stone_sword":1,"minecraft:white_bed":1},"minecraft:killed_by":{"minecraft:player":1,"minecraft:skeleton":2,"minecraft:spider":1,"bonesupdate:knight_skeleton":1,"iceandfire:sea_serpent":2,"iceandfire:fire_dragon":1},"minecraft:picked_up":{"minecraft:crafting_table":2,"minecraft:salmon":1,"minecraft:oak_stairs":1,"minecraft:oak_log":1,"iceandfire:ectoplasm":1,"iceandfire:manuscript":6,"minecraft:dirt":12,"minecraft:bone":13,"minecraft:stone_bricks":1,"minecraft:cracked_stone_bricks":1,"minecraft:gold_nugget":6,"minecraft:iron_ingot":3,"minecraft:cobweb":8,"minecraft:moss_block":1,"minecraft:oak_planks":2,"minecraft:furnace":1,"iceandfire:ghost_chest":1,"minecraft:pumpkin":6,"minecraft:torch":4,"minecraft:sand":3,"minecraft:spruce_sapling":1,"tombstone:grave_dust":2,"minecraft:white_bed":2,"minecraft:spruce_log":9,"iceandfire:silver_ingot":3,"minecraft:rotten_flesh":2,"create:crimsite":1,"iceandfire:silver_sword":2,"waystones:waystone":2,"minecraft:hay_block":11,"iceandfire:raw_silver":1,"minecraft:glow_berries":3,"minecraft:mutton":17,"minecraft:white_wool":7,"minecraft:coal":21,"minecraft:cobblestone":21},"minecraft:killed":{"minecraft:salmon":1,"minecraft:spider":1,"minecraft:sheep":6,"xp_jellies:smallexperiencejellyfish":1,"iceandfire:ghost":3},"minecraft:used":{"minecraft:moss_block":1,"minecraft:cooked_mutton":4,"minecraft:stone_sword":37,"iceandfire:silver_sword":19,"minecraft:stone_pickaxe":33,"minecraft:oak_planks":2,"create:crimsite":1,"minecraft:wooden_pickaxe":34,"minecraft:cooked_salmon":1,"minecraft:dirt":2,"minecraft:sand":3,"minecraft:crafting_table":4,"minecraft:white_bed":2,"waystones:waystone":1,"minecraft:diamond_pickaxe":10,"minecraft:oak_stairs":2,"minecraft:bread":2,"iceandfire:ghost_chest":1,"minecraft:stone_bricks":1,"minecraft:cobblestone":3,"minecraft:wolf_spawn_egg":1,"minecraft:furnace":1,"tombstone:gift":1,"minecraft:experience_bottle":2}},"DataVersion":3465}