{"stats":{"minecraft:dropped":{"minecraft:enchanted_book":1,"iceandfire:raw_silver":1,"minecraft:wheat_seeds":2,"minecraft:chicken":1,"minecraft:glow_berries":1,"minecraft:oak_planks":1,"iceandfire:ectoplasm":9,"iceandfire:ghost_chest":1,"minecraft:gunpowder":10,"tombstone:grave_dust":2,"minecraft:gold_nugget":6,"minecraft:wooden_pickaxe":1,"minecraft:calcite":1,"create:raw_zinc":1,"iceandfire:manuscript":6,"minecraft:spruce_sapling":1},"minecraft:custom":{"minecraft:interact_with_furnace":8,"minecraft:mob_kills":17,"minecraft:interact_with_crafting_table":11,"minecraft:open_barrel":5,"minecraft:leave_game":4,"minecraft:time_since_death":3092,"minecraft:sleep_in_bed":2,"minecraft:climb_one_cm":794,"minecraft:time_since_rest":2646,"minecraft:waystone_activated":4,"minecraft:sprint_one_cm":281192,"minecraft:damage_taken":35676,"minecraft:walk_one_cm":195942,"minecraft:damage_blocked_by_shield":121,"minecraft:trigger_trapped_chest":3,"minecraft:drop":18,"minecraft:damage_dealt":3697,"minecraft:swim_one_cm":79439,"minecraft:fly_one_cm":487892,"minecraft:open_chest":26,"minecraft:crouch_one_cm":11525,"minecraft:play_time":62162,"tombstone:undead_killed":3,"minecraft:deaths":14,"minecraft:sneak_time":2469,"minecraft:walk_under_water_one_cm":15057,"minecraft:jump":1873,"minecraft:walk_on_water_one_cm":25785,"minecraft:total_world_time":62162,"minecraft:fall_one_cm":362382},"minecraft:mined":{"create:zinc_ore":1,"minecraft:white_bed":3,"iceandfire:silver_ore":2,"minecraft:dark_oak_leaves":2,"minecraft:powder_snow":8,"minecraft:crafting_table":2,"minecraft:grass_block":6,"iceandfire:ghost_chest":2,"minecraft:tall_grass":5,"minecraft:spruce_leaves":6,"minecraft:moss_block":1,"minecraft:spawner":2,"minecraft:hay_block":11,"minecraft:furnace":1,"minecraft:fire":1,"minecraft:iron_ore":8,"minecraft:spruce_log":11,"minecraft:pumpkin":6,"minecraft:mangrove_leaves":13,"minecraft:flowering_azalea_leaves":1,"minecraft:grass":22,"minecraft:coal_ore":17,"minecraft:vine":1,"minecraft:dirt":9,"minecraft:cracked_stone_bricks":3,"minecraft:azalea_leaves":6,"minecraft:stone_bricks":3,"minecraft:stone":35,"create:crimsite":1,"minecraft:fern":1},"minecraft:crafted":{"minecraft:oak_planks":4,"minecraft:crafting_table":3,"minecraft:spruce_planks":36,"minecraft:wooden_pickaxe":1,"minecraft:furnace":1,"minecraft:cooked_salmon":1,"minecraft:cooked_mutton":7,"minecraft:air":0,"minecraft:diamond_pickaxe":1,"minecraft:shield":1,"minecraft:stick":12,"minecraft:stone_pickaxe":1,"minecraft:stone_sword":1,"minecraft:white_bed":1},"minecraft:killed_by":{"minecraft:player":1,"minecraft:skeleton":2,"minecraft:spider":1,"polly_pets:ferret":1,"bonesupdate:knight_skeleton":1,"iceandfire:sea_serpent":2,"iceandfire:fire_dragon":5},"minecraft:picked_up":{"minecraft:crafting_table":2,"minecraft:chicken":1,"minecraft:salmon":1,"minecraft:oak_stairs":1,"create:raw_zinc":1,"minecraft:oak_log":1,"iceandfire:ectoplasm":9,"iceandfire:manuscript":6,"minecraft:dirt":15,"minecraft:iron_leggings":1,"minecraft:bone":19,"minecraft:stone_bricks":3,"iceandfire:graveyard_soil":8,"minecraft:cracked_stone_bricks":3,"minecraft:wheat_seeds":2,"minecraft:gold_nugget":6,"minecraft:iron_ingot":3,"minecraft:cobweb":8,"minecraft:calcite":1,"minecraft:moss_block":1,"minecraft:oak_planks":2,"minecraft:furnace":1,"minecraft:raw_iron":8,"iceandfire:ghost_chest":2,"minecraft:pumpkin":6,"minecraft:torch":4,"minecraft:sand":3,"minecraft:spruce_sapling":1,"tombstone:grave_dust":2,"minecraft:white_bed":3,"minecraft:spruce_log":9,"iceandfire:silver_ingot":3,"minecraft:rotten_flesh":8,"create:crimsite":1,"iceandfire:silver_sword":2,"waystones:waystone":3,"minecraft:hay_block":11,"iceandfire:raw_silver":1,"minecraft:glow_berries":3,"minecraft:mutton":17,"minecraft:white_wool":7,"minecraft:coal":21,"minecraft:cobblestone":32},"minecraft:killed":{"minecraft:salmon":1,"minecraft:spider":1,"minecraft:sheep":6,"xp_jellies:smallexperiencejellyfish":1,"iceandfire:ghost":3},"minecraft:used":{"minecraft:moss_block":1,"minecraft:cooked_mutton":6,"minecraft:stone_sword":37,"iceandfire:silver_sword":29,"minecraft:stone_pickaxe":33,"minecraft:oak_planks":2,"minecraft:shield":4,"create:crimsite":1,"minecraft:wooden_pickaxe":34,"minecraft:cooked_salmon":1,"minecraft:dirt":5,"minecraft:sand":3,"minecraft:crafting_table":4,"minecraft:white_bed":4,"waystones:waystone":2,"minecraft:diamond_pickaxe":38,"minecraft:oak_stairs":2,"minecraft:bread":2,"iceandfire:graveyard_soil":6,"iceandfire:ghost_chest":1,"minecraft:stone_bricks":3,"minecraft:cobblestone":8,"minecraft:wolf_spawn_egg":1,"minecraft:furnace":1,"tombstone:gift":1,"minecraft:experience_bottle":2}},"DataVersion":3465}