{"stats":{"minecraft:dropped":{"minecraft:enchanted_book":1},"minecraft:custom":{"minecraft:time_since_rest":277,"minecraft:sprint_one_cm":28923,"minecraft:damage_taken":1025,"minecraft:walk_one_cm":29217,"minecraft:mob_kills":2,"minecraft:drop":1,"minecraft:damage_dealt":422,"minecraft:swim_one_cm":13990,"minecraft:interact_with_crafting_table":5,"minecraft:fly_one_cm":36075,"minecraft:open_chest":1,"minecraft:crouch_one_cm":2599,"minecraft:play_time":10391,"minecraft:deaths":4,"minecraft:sneak_time":957,"minecraft:walk_under_water_one_cm":7524,"minecraft:jump":166,"minecraft:leave_game":3,"minecraft:walk_on_water_one_cm":3491,"minecraft:time_since_death":805,"minecraft:total_world_time":10391,"minecraft:fall_one_cm":3164},"minecraft:mined":{"minecraft:spruce_log":6,"minecraft:pumpkin":6,"minecraft:grass_block":3,"minecraft:dirt":8,"minecraft:stone":10,"minecraft:fern":1},"minecraft:crafted":{"minecraft:crafting_table":1,"minecraft:spruce_planks":16,"minecraft:stick":8,"minecraft:wooden_pickaxe":1,"minecraft:stone_pickaxe":1,"minecraft:stone_sword":1},"minecraft:killed_by":{"minecraft:player":1,"minecraft:skeleton":2,"minecraft:spider":1},"minecraft:picked_up":{"minecraft:pumpkin":6,"minecraft:sand":3,"minecraft:spruce_log":4,"minecraft:dirt":11,"minecraft:mutton":4,"minecraft:white_wool":3,"minecraft:cobblestone":10},"minecraft:used":{"minecraft:wooden_pickaxe":34,"minecraft:sand":3,"minecraft:crafting_table":1,"tombstone:gift":1},"minecraft:killed":{"minecraft:sheep":2}},"DataVersion":3465}